gendistrict,hood,category,count
BAYVIEW,Bayview,ARSON,54
BAYVIEW,Bayview,ASSAULT,1295
BAYVIEW,Bayview,BAD CHECKS,2
BAYVIEW,Bayview,BRIBERY,12
BAYVIEW,Bayview,BURGLARY,238
BAYVIEW,Bayview,DISORDERLY CONDUCT,20
BAYVIEW,Bayview,DRIVING UNDER THE INFLUENCE,14
BAYVIEW,Bayview,DRUG/NARCOTIC,248
BAYVIEW,Bayview,DRUNKENNESS,17
BAYVIEW,Bayview,EMBEZZLEMENT,20
BAYVIEW,Bayview,EXTORTION,4
BAYVIEW,Bayview,FAMILY OFFENSES,4
BAYVIEW,Bayview,FORGERY/COUNTERFEITING,22
BAYVIEW,Bayview,FRAUD,58
BAYVIEW,Bayview,GAMBLING,4
BAYVIEW,Bayview,KIDNAPPING,46
BAYVIEW,Bayview,LARCENY/THEFT,881
BAYVIEW,Bayview,LIQUOR LAWS,20
BAYVIEW,Bayview,MISSING PERSON,316
BAYVIEW,Bayview,NON-CRIMINAL,733
BAYVIEW,Bayview,OTHER OFFENSES,1679
BAYVIEW,Bayview,RECOVERED VEHICLE,144
BAYVIEW,Bayview,ROBBERY,205
BAYVIEW,Bayview,RUNAWAY,23
BAYVIEW,Bayview,SECONDARY CODES,177
BAYVIEW,Bayview,"SEX OFFENSES, FORCIBLE",55
BAYVIEW,Bayview,"SEX OFFENSES, NON FORCIBLE",1
BAYVIEW,Bayview,STOLEN PROPERTY,33
BAYVIEW,Bayview,SUICIDE,3
BAYVIEW,Bayview,SUSPICIOUS OCC,390
BAYVIEW,Bayview,TRESPASS,59
BAYVIEW,Bayview,VANDALISM,546
BAYVIEW,Bayview,VEHICLE THEFT,706
BAYVIEW,Bayview,WARRANTS,375
BAYVIEW,Bayview,WEAPON LAWS,235
BAYVIEW,Bernal Heights,ASSAULT,2
BAYVIEW,Bernal Heights,DRUG/NARCOTIC,1
BAYVIEW,Bernal Heights,LARCENY/THEFT,1
BAYVIEW,Bernal Heights,OTHER OFFENSES,2
BAYVIEW,Bernal Heights,WARRANTS,1
BAYVIEW,Castro/Upper Market,OTHER OFFENSES,1
BAYVIEW,Excelsior,ARSON,1
BAYVIEW,Excelsior,ASSAULT,146
BAYVIEW,Excelsior,BAD CHECKS,1
BAYVIEW,Excelsior,BRIBERY,2
BAYVIEW,Excelsior,BURGLARY,50
BAYVIEW,Excelsior,DRIVING UNDER THE INFLUENCE,3
BAYVIEW,Excelsior,DRUG/NARCOTIC,11
BAYVIEW,Excelsior,DRUNKENNESS,4
BAYVIEW,Excelsior,EXTORTION,1
BAYVIEW,Excelsior,FAMILY OFFENSES,1
BAYVIEW,Excelsior,FORGERY/COUNTERFEITING,2
BAYVIEW,Excelsior,FRAUD,17
BAYVIEW,Excelsior,KIDNAPPING,4
BAYVIEW,Excelsior,LARCENY/THEFT,178
BAYVIEW,Excelsior,MISSING PERSON,48
BAYVIEW,Excelsior,NON-CRIMINAL,91
BAYVIEW,Excelsior,OTHER OFFENSES,134
BAYVIEW,Excelsior,PROSTITUTION,1
BAYVIEW,Excelsior,RECOVERED VEHICLE,8
BAYVIEW,Excelsior,ROBBERY,48
BAYVIEW,Excelsior,RUNAWAY,2
BAYVIEW,Excelsior,SECONDARY CODES,18
BAYVIEW,Excelsior,"SEX OFFENSES, FORCIBLE",8
BAYVIEW,Excelsior,"SEX OFFENSES, NON FORCIBLE",1
BAYVIEW,Excelsior,STOLEN PROPERTY,6
BAYVIEW,Excelsior,SUICIDE,1
BAYVIEW,Excelsior,SUSPICIOUS OCC,53
BAYVIEW,Excelsior,TRESPASS,3
BAYVIEW,Excelsior,VANDALISM,82
BAYVIEW,Excelsior,VEHICLE THEFT,93
BAYVIEW,Excelsior,WARRANTS,28
BAYVIEW,Excelsior,WEAPON LAWS,18
BAYVIEW,Inner Richmond,ASSAULT,2
BAYVIEW,Inner Richmond,VANDALISM,1
BAYVIEW,Inner Richmond,VEHICLE THEFT,2
BAYVIEW,Inner Sunset,VANDALISM,1
BAYVIEW,Lakeshore,OTHER OFFENSES,1
BAYVIEW,Mission,NON-CRIMINAL,2
BAYVIEW,Mission,RECOVERED VEHICLE,1
BAYVIEW,Mission,TRESPASS,1
BAYVIEW,Mission,VANDALISM,1
BAYVIEW,Outer Richmond,BURGLARY,1
BAYVIEW,Outer Richmond,DISORDERLY CONDUCT,2
BAYVIEW,Outer Richmond,LARCENY/THEFT,1
BAYVIEW,Outer Richmond,OTHER OFFENSES,1
BAYVIEW,Outer Richmond,TRESPASS,2
BAYVIEW,Outer Richmond,VANDALISM,1
BAYVIEW,Outer Sunset,NON-CRIMINAL,1
BAYVIEW,Potrero Hill,ARSON,13
BAYVIEW,Potrero Hill,ASSAULT,238
BAYVIEW,Potrero Hill,BRIBERY,4
BAYVIEW,Potrero Hill,BURGLARY,188
BAYVIEW,Potrero Hill,DISORDERLY CONDUCT,11
BAYVIEW,Potrero Hill,DRIVING UNDER THE INFLUENCE,7
BAYVIEW,Potrero Hill,DRUG/NARCOTIC,53
BAYVIEW,Potrero Hill,DRUNKENNESS,2
BAYVIEW,Potrero Hill,EMBEZZLEMENT,2
BAYVIEW,Potrero Hill,EXTORTION,1
BAYVIEW,Potrero Hill,FAMILY OFFENSES,4
BAYVIEW,Potrero Hill,FORGERY/COUNTERFEITING,6
BAYVIEW,Potrero Hill,FRAUD,36
BAYVIEW,Potrero Hill,KIDNAPPING,7
BAYVIEW,Potrero Hill,LARCENY/THEFT,1086
BAYVIEW,Potrero Hill,LOITERING,1
BAYVIEW,Potrero Hill,MISSING PERSON,45
BAYVIEW,Potrero Hill,NON-CRIMINAL,275
BAYVIEW,Potrero Hill,OTHER OFFENSES,380
BAYVIEW,Potrero Hill,RECOVERED VEHICLE,30
BAYVIEW,Potrero Hill,ROBBERY,51
BAYVIEW,Potrero Hill,RUNAWAY,3
BAYVIEW,Potrero Hill,SECONDARY CODES,33
BAYVIEW,Potrero Hill,"SEX OFFENSES, FORCIBLE",15
BAYVIEW,Potrero Hill,STOLEN PROPERTY,16
BAYVIEW,Potrero Hill,SUSPICIOUS OCC,117
BAYVIEW,Potrero Hill,TRESPASS,33
BAYVIEW,Potrero Hill,VANDALISM,352
BAYVIEW,Potrero Hill,VEHICLE THEFT,231
BAYVIEW,Potrero Hill,WARRANTS,104
BAYVIEW,Potrero Hill,WEAPON LAWS,41
BAYVIEW,South of Market,ARSON,1
BAYVIEW,South of Market,ASSAULT,55
BAYVIEW,South of Market,BAD CHECKS,1
BAYVIEW,South of Market,BRIBERY,1
BAYVIEW,South of Market,BURGLARY,32
BAYVIEW,South of Market,DISORDERLY CONDUCT,12
BAYVIEW,South of Market,DRIVING UNDER THE INFLUENCE,1
BAYVIEW,South of Market,DRUG/NARCOTIC,14
BAYVIEW,South of Market,DRUNKENNESS,2
BAYVIEW,South of Market,EMBEZZLEMENT,1
BAYVIEW,South of Market,EXTORTION,2
BAYVIEW,South of Market,FAMILY OFFENSES,1
BAYVIEW,South of Market,FORGERY/COUNTERFEITING,3
BAYVIEW,South of Market,FRAUD,12
BAYVIEW,South of Market,KIDNAPPING,2
BAYVIEW,South of Market,LARCENY/THEFT,168
BAYVIEW,South of Market,LOITERING,1
BAYVIEW,South of Market,MISSING PERSON,59
BAYVIEW,South of Market,NON-CRIMINAL,165
BAYVIEW,South of Market,OTHER OFFENSES,101
BAYVIEW,South of Market,PROSTITUTION,2
BAYVIEW,South of Market,RECOVERED VEHICLE,3
BAYVIEW,South of Market,ROBBERY,2
BAYVIEW,South of Market,SECONDARY CODES,17
BAYVIEW,South of Market,"SEX OFFENSES, FORCIBLE",4
BAYVIEW,South of Market,STOLEN PROPERTY,2
BAYVIEW,South of Market,SUSPICIOUS OCC,30
BAYVIEW,South of Market,TRESPASS,23
BAYVIEW,South of Market,VANDALISM,52
BAYVIEW,South of Market,VEHICLE THEFT,13
BAYVIEW,South of Market,WARRANTS,29
BAYVIEW,South of Market,WEAPON LAWS,10
BAYVIEW,Visitacion Valley,ARSON,2
BAYVIEW,Visitacion Valley,ASSAULT,35
BAYVIEW,Visitacion Valley,BRIBERY,1
BAYVIEW,Visitacion Valley,BURGLARY,11
BAYVIEW,Visitacion Valley,DISORDERLY CONDUCT,3
BAYVIEW,Visitacion Valley,DRIVING UNDER THE INFLUENCE,2
BAYVIEW,Visitacion Valley,DRUNKENNESS,2
BAYVIEW,Visitacion Valley,FORGERY/COUNTERFEITING,5
BAYVIEW,Visitacion Valley,FRAUD,4
BAYVIEW,Visitacion Valley,KIDNAPPING,1
BAYVIEW,Visitacion Valley,LARCENY/THEFT,38
BAYVIEW,Visitacion Valley,MISSING PERSON,13
BAYVIEW,Visitacion Valley,NON-CRIMINAL,37
BAYVIEW,Visitacion Valley,OTHER OFFENSES,38
BAYVIEW,Visitacion Valley,RECOVERED VEHICLE,10
BAYVIEW,Visitacion Valley,ROBBERY,9
BAYVIEW,Visitacion Valley,RUNAWAY,2
BAYVIEW,Visitacion Valley,SECONDARY CODES,5
BAYVIEW,Visitacion Valley,"SEX OFFENSES, FORCIBLE",4
BAYVIEW,Visitacion Valley,STOLEN PROPERTY,2
BAYVIEW,Visitacion Valley,SUSPICIOUS OCC,20
BAYVIEW,Visitacion Valley,TRESPASS,1
BAYVIEW,Visitacion Valley,VANDALISM,22
BAYVIEW,Visitacion Valley,VEHICLE THEFT,35
BAYVIEW,Visitacion Valley,WARRANTS,3
BAYVIEW,Visitacion Valley,WEAPON LAWS,2
CENTRAL,Chinatown,ARSON,10
CENTRAL,Chinatown,ASSAULT,150
CENTRAL,Chinatown,BURGLARY,45
CENTRAL,Chinatown,DISORDERLY CONDUCT,1
CENTRAL,Chinatown,DRIVING UNDER THE INFLUENCE,2
CENTRAL,Chinatown,DRUG/NARCOTIC,27
CENTRAL,Chinatown,DRUNKENNESS,9
CENTRAL,Chinatown,EMBEZZLEMENT,3
CENTRAL,Chinatown,EXTORTION,3
CENTRAL,Chinatown,FORGERY/COUNTERFEITING,6
CENTRAL,Chinatown,FRAUD,40
CENTRAL,Chinatown,KIDNAPPING,2
CENTRAL,Chinatown,LARCENY/THEFT,571
CENTRAL,Chinatown,LIQUOR LAWS,1
CENTRAL,Chinatown,MISSING PERSON,53
CENTRAL,Chinatown,NON-CRIMINAL,247
CENTRAL,Chinatown,OTHER OFFENSES,169
CENTRAL,Chinatown,PROSTITUTION,14
CENTRAL,Chinatown,RECOVERED VEHICLE,3
CENTRAL,Chinatown,ROBBERY,57
CENTRAL,Chinatown,SECONDARY CODES,21
CENTRAL,Chinatown,"SEX OFFENSES, FORCIBLE",8
CENTRAL,Chinatown,STOLEN PROPERTY,13
CENTRAL,Chinatown,SUSPICIOUS OCC,55
CENTRAL,Chinatown,TRESPASS,17
CENTRAL,Chinatown,VANDALISM,125
CENTRAL,Chinatown,VEHICLE THEFT,37
CENTRAL,Chinatown,WARRANTS,38
CENTRAL,Chinatown,WEAPON LAWS,15
CENTRAL,Downtown/Civic Center,ARSON,2
CENTRAL,Downtown/Civic Center,ASSAULT,233
CENTRAL,Downtown/Civic Center,BRIBERY,1
CENTRAL,Downtown/Civic Center,BURGLARY,112
CENTRAL,Downtown/Civic Center,DISORDERLY CONDUCT,9
CENTRAL,Downtown/Civic Center,DRIVING UNDER THE INFLUENCE,3
CENTRAL,Downtown/Civic Center,DRUG/NARCOTIC,48
CENTRAL,Downtown/Civic Center,DRUNKENNESS,10
CENTRAL,Downtown/Civic Center,EMBEZZLEMENT,4
CENTRAL,Downtown/Civic Center,FORGERY/COUNTERFEITING,19
CENTRAL,Downtown/Civic Center,FRAUD,66
CENTRAL,Downtown/Civic Center,KIDNAPPING,1
CENTRAL,Downtown/Civic Center,LARCENY/THEFT,878
CENTRAL,Downtown/Civic Center,LIQUOR LAWS,1
CENTRAL,Downtown/Civic Center,LOITERING,1
CENTRAL,Downtown/Civic Center,MISSING PERSON,51
CENTRAL,Downtown/Civic Center,NON-CRIMINAL,411
CENTRAL,Downtown/Civic Center,OTHER OFFENSES,241
CENTRAL,Downtown/Civic Center,PROSTITUTION,9
CENTRAL,Downtown/Civic Center,RECOVERED VEHICLE,4
CENTRAL,Downtown/Civic Center,ROBBERY,68
CENTRAL,Downtown/Civic Center,RUNAWAY,2
CENTRAL,Downtown/Civic Center,SECONDARY CODES,17
CENTRAL,Downtown/Civic Center,"SEX OFFENSES, FORCIBLE",18
CENTRAL,Downtown/Civic Center,STOLEN PROPERTY,24
CENTRAL,Downtown/Civic Center,SUICIDE,1
CENTRAL,Downtown/Civic Center,SUSPICIOUS OCC,110
CENTRAL,Downtown/Civic Center,TRESPASS,28
CENTRAL,Downtown/Civic Center,VANDALISM,132
CENTRAL,Downtown/Civic Center,VEHICLE THEFT,69
CENTRAL,Downtown/Civic Center,WARRANTS,94
CENTRAL,Downtown/Civic Center,WEAPON LAWS,11
CENTRAL,Financial District,ARSON,9
CENTRAL,Financial District,ASSAULT,262
CENTRAL,Financial District,BAD CHECKS,2
CENTRAL,Financial District,BURGLARY,200
CENTRAL,Financial District,DISORDERLY CONDUCT,7
CENTRAL,Financial District,DRIVING UNDER THE INFLUENCE,4
CENTRAL,Financial District,DRUG/NARCOTIC,36
CENTRAL,Financial District,DRUNKENNESS,10
CENTRAL,Financial District,EMBEZZLEMENT,8
CENTRAL,Financial District,EXTORTION,1
CENTRAL,Financial District,FAMILY OFFENSES,1
CENTRAL,Financial District,FORGERY/COUNTERFEITING,28
CENTRAL,Financial District,FRAUD,133
CENTRAL,Financial District,KIDNAPPING,2
CENTRAL,Financial District,LARCENY/THEFT,1512
CENTRAL,Financial District,LOITERING,6
CENTRAL,Financial District,MISSING PERSON,47
CENTRAL,Financial District,NON-CRIMINAL,481
CENTRAL,Financial District,OTHER OFFENSES,376
CENTRAL,Financial District,PROSTITUTION,3
CENTRAL,Financial District,RECOVERED VEHICLE,4
CENTRAL,Financial District,ROBBERY,109
CENTRAL,Financial District,RUNAWAY,3
CENTRAL,Financial District,SECONDARY CODES,21
CENTRAL,Financial District,"SEX OFFENSES, FORCIBLE",26
CENTRAL,Financial District,STOLEN PROPERTY,36
CENTRAL,Financial District,SUICIDE,2
CENTRAL,Financial District,SUSPICIOUS OCC,136
CENTRAL,Financial District,TRESPASS,57
CENTRAL,Financial District,VANDALISM,248
CENTRAL,Financial District,VEHICLE THEFT,97
CENTRAL,Financial District,WARRANTS,135
CENTRAL,Financial District,WEAPON LAWS,30
CENTRAL,Marina,OTHER OFFENSES,2
CENTRAL,Nob Hill,ARSON,3
CENTRAL,Nob Hill,ASSAULT,125
CENTRAL,Nob Hill,BRIBERY,1
CENTRAL,Nob Hill,BURGLARY,77
CENTRAL,Nob Hill,DISORDERLY CONDUCT,3
CENTRAL,Nob Hill,DRIVING UNDER THE INFLUENCE,3
CENTRAL,Nob Hill,DRUG/NARCOTIC,24
CENTRAL,Nob Hill,DRUNKENNESS,4
CENTRAL,Nob Hill,EXTORTION,1
CENTRAL,Nob Hill,FORGERY/COUNTERFEITING,7
CENTRAL,Nob Hill,FRAUD,32
CENTRAL,Nob Hill,KIDNAPPING,2
CENTRAL,Nob Hill,LARCENY/THEFT,401
CENTRAL,Nob Hill,MISSING PERSON,47
CENTRAL,Nob Hill,NON-CRIMINAL,200
CENTRAL,Nob Hill,OTHER OFFENSES,197
CENTRAL,Nob Hill,PROSTITUTION,2
CENTRAL,Nob Hill,RECOVERED VEHICLE,8
CENTRAL,Nob Hill,ROBBERY,34
CENTRAL,Nob Hill,SECONDARY CODES,18
CENTRAL,Nob Hill,"SEX OFFENSES, FORCIBLE",14
CENTRAL,Nob Hill,STOLEN PROPERTY,7
CENTRAL,Nob Hill,SUICIDE,1
CENTRAL,Nob Hill,SUSPICIOUS OCC,63
CENTRAL,Nob Hill,TRESPASS,25
CENTRAL,Nob Hill,VANDALISM,128
CENTRAL,Nob Hill,VEHICLE THEFT,82
CENTRAL,Nob Hill,WARRANTS,43
CENTRAL,Nob Hill,WEAPON LAWS,7
CENTRAL,North Beach,ARSON,3
CENTRAL,North Beach,ASSAULT,305
CENTRAL,North Beach,BRIBERY,1
CENTRAL,North Beach,BURGLARY,137
CENTRAL,North Beach,DISORDERLY CONDUCT,11
CENTRAL,North Beach,DRIVING UNDER THE INFLUENCE,11
CENTRAL,North Beach,DRUG/NARCOTIC,52
CENTRAL,North Beach,DRUNKENNESS,17
CENTRAL,North Beach,EMBEZZLEMENT,5
CENTRAL,North Beach,FORGERY/COUNTERFEITING,15
CENTRAL,North Beach,FRAUD,98
CENTRAL,North Beach,GAMBLING,1
CENTRAL,North Beach,KIDNAPPING,3
CENTRAL,North Beach,LARCENY/THEFT,2275
CENTRAL,North Beach,LIQUOR LAWS,7
CENTRAL,North Beach,LOITERING,3
CENTRAL,North Beach,MISSING PERSON,49
CENTRAL,North Beach,NON-CRIMINAL,599
CENTRAL,North Beach,OTHER OFFENSES,494
CENTRAL,North Beach,RECOVERED VEHICLE,10
CENTRAL,North Beach,ROBBERY,79
CENTRAL,North Beach,RUNAWAY,1
CENTRAL,North Beach,SECONDARY CODES,39
CENTRAL,North Beach,"SEX OFFENSES, FORCIBLE",14
CENTRAL,North Beach,STOLEN PROPERTY,53
CENTRAL,North Beach,SUICIDE,3
CENTRAL,North Beach,SUSPICIOUS OCC,143
CENTRAL,North Beach,TRESPASS,28
CENTRAL,North Beach,VANDALISM,344
CENTRAL,North Beach,VEHICLE THEFT,113
CENTRAL,North Beach,WARRANTS,124
CENTRAL,North Beach,WEAPON LAWS,43
CENTRAL,Russian Hill,ARSON,2
CENTRAL,Russian Hill,ASSAULT,99
CENTRAL,Russian Hill,BAD CHECKS,1
CENTRAL,Russian Hill,BURGLARY,71
CENTRAL,Russian Hill,DISORDERLY CONDUCT,1
CENTRAL,Russian Hill,DRIVING UNDER THE INFLUENCE,8
CENTRAL,Russian Hill,DRUG/NARCOTIC,19
CENTRAL,Russian Hill,DRUNKENNESS,2
CENTRAL,Russian Hill,EXTORTION,1
CENTRAL,Russian Hill,FORGERY/COUNTERFEITING,5
CENTRAL,Russian Hill,FRAUD,32
CENTRAL,Russian Hill,KIDNAPPING,3
CENTRAL,Russian Hill,LARCENY/THEFT,1082
CENTRAL,Russian Hill,LIQUOR LAWS,1
CENTRAL,Russian Hill,MISSING PERSON,39
CENTRAL,Russian Hill,NON-CRIMINAL,362
CENTRAL,Russian Hill,OTHER OFFENSES,246
CENTRAL,Russian Hill,RECOVERED VEHICLE,10
CENTRAL,Russian Hill,ROBBERY,47
CENTRAL,Russian Hill,SECONDARY CODES,21
CENTRAL,Russian Hill,"SEX OFFENSES, FORCIBLE",6
CENTRAL,Russian Hill,STOLEN PROPERTY,21
CENTRAL,Russian Hill,SUICIDE,3
CENTRAL,Russian Hill,SUSPICIOUS OCC,69
CENTRAL,Russian Hill,TRESPASS,18
CENTRAL,Russian Hill,VANDALISM,167
CENTRAL,Russian Hill,VEHICLE THEFT,82
CENTRAL,Russian Hill,WARRANTS,43
CENTRAL,Russian Hill,WEAPON LAWS,14
CENTRAL,South of Market,ASSAULT,1
CENTRAL,South of Market,BURGLARY,1
CENTRAL,South of Market,OTHER OFFENSES,1
CENTRAL,South of Market,STOLEN PROPERTY,1
CENTRAL,South of Market,WEAPON LAWS,1
INGLESIDE,Bayview,SUSPICIOUS OCC,1
INGLESIDE,Bernal Heights,ARSON,5
INGLESIDE,Bernal Heights,ASSAULT,337
INGLESIDE,Bernal Heights,BRIBERY,1
INGLESIDE,Bernal Heights,BURGLARY,167
INGLESIDE,Bernal Heights,DISORDERLY CONDUCT,6
INGLESIDE,Bernal Heights,DRIVING UNDER THE INFLUENCE,5
INGLESIDE,Bernal Heights,DRUG/NARCOTIC,31
INGLESIDE,Bernal Heights,DRUNKENNESS,7
INGLESIDE,Bernal Heights,EMBEZZLEMENT,1
INGLESIDE,Bernal Heights,EXTORTION,1
INGLESIDE,Bernal Heights,FORGERY/COUNTERFEITING,10
INGLESIDE,Bernal Heights,FRAUD,30
INGLESIDE,Bernal Heights,KIDNAPPING,6
INGLESIDE,Bernal Heights,LARCENY/THEFT,506
INGLESIDE,Bernal Heights,LIQUOR LAWS,7
INGLESIDE,Bernal Heights,MISSING PERSON,89
INGLESIDE,Bernal Heights,NON-CRIMINAL,268
INGLESIDE,Bernal Heights,OTHER OFFENSES,372
INGLESIDE,Bernal Heights,RECOVERED VEHICLE,26
INGLESIDE,Bernal Heights,ROBBERY,82
INGLESIDE,Bernal Heights,RUNAWAY,1
INGLESIDE,Bernal Heights,SECONDARY CODES,40
INGLESIDE,Bernal Heights,"SEX OFFENSES, FORCIBLE",14
INGLESIDE,Bernal Heights,STOLEN PROPERTY,15
INGLESIDE,Bernal Heights,SUICIDE,1
INGLESIDE,Bernal Heights,SUSPICIOUS OCC,123
INGLESIDE,Bernal Heights,TREA,1
INGLESIDE,Bernal Heights,TRESPASS,24
INGLESIDE,Bernal Heights,VANDALISM,167
INGLESIDE,Bernal Heights,VEHICLE THEFT,249
INGLESIDE,Bernal Heights,WARRANTS,70
INGLESIDE,Bernal Heights,WEAPON LAWS,36
INGLESIDE,Castro/Upper Market,LARCENY/THEFT,1
INGLESIDE,Crocker Amazon,ARSON,1
INGLESIDE,Crocker Amazon,ASSAULT,106
INGLESIDE,Crocker Amazon,BURGLARY,21
INGLESIDE,Crocker Amazon,DISORDERLY CONDUCT,1
INGLESIDE,Crocker Amazon,DRIVING UNDER THE INFLUENCE,3
INGLESIDE,Crocker Amazon,DRUG/NARCOTIC,16
INGLESIDE,Crocker Amazon,DRUNKENNESS,1
INGLESIDE,Crocker Amazon,EMBEZZLEMENT,3
INGLESIDE,Crocker Amazon,EXTORTION,2
INGLESIDE,Crocker Amazon,FORGERY/COUNTERFEITING,2
INGLESIDE,Crocker Amazon,FRAUD,9
INGLESIDE,Crocker Amazon,GAMBLING,2
INGLESIDE,Crocker Amazon,KIDNAPPING,6
INGLESIDE,Crocker Amazon,LARCENY/THEFT,68
INGLESIDE,Crocker Amazon,LIQUOR LAWS,1
INGLESIDE,Crocker Amazon,MISSING PERSON,41
INGLESIDE,Crocker Amazon,NON-CRIMINAL,65
INGLESIDE,Crocker Amazon,OTHER OFFENSES,120
INGLESIDE,Crocker Amazon,RECOVERED VEHICLE,8
INGLESIDE,Crocker Amazon,ROBBERY,19
INGLESIDE,Crocker Amazon,RUNAWAY,2
INGLESIDE,Crocker Amazon,SECONDARY CODES,10
INGLESIDE,Crocker Amazon,"SEX OFFENSES, FORCIBLE",5
INGLESIDE,Crocker Amazon,STOLEN PROPERTY,8
INGLESIDE,Crocker Amazon,SUICIDE,2
INGLESIDE,Crocker Amazon,SUSPICIOUS OCC,33
INGLESIDE,Crocker Amazon,TRESPASS,4
INGLESIDE,Crocker Amazon,VANDALISM,46
INGLESIDE,Crocker Amazon,VEHICLE THEFT,41
INGLESIDE,Crocker Amazon,WARRANTS,27
INGLESIDE,Crocker Amazon,WEAPON LAWS,12
INGLESIDE,Diamond Heights,ARSON,1
INGLESIDE,Diamond Heights,ASSAULT,8
INGLESIDE,Diamond Heights,BURGLARY,22
INGLESIDE,Diamond Heights,DRUG/NARCOTIC,5
INGLESIDE,Diamond Heights,FORGERY/COUNTERFEITING,1
INGLESIDE,Diamond Heights,FRAUD,1
INGLESIDE,Diamond Heights,LARCENY/THEFT,59
INGLESIDE,Diamond Heights,MISSING PERSON,10
INGLESIDE,Diamond Heights,NON-CRIMINAL,38
INGLESIDE,Diamond Heights,OTHER OFFENSES,39
INGLESIDE,Diamond Heights,ROBBERY,4
INGLESIDE,Diamond Heights,RUNAWAY,1
INGLESIDE,Diamond Heights,SECONDARY CODES,3
INGLESIDE,Diamond Heights,"SEX OFFENSES, FORCIBLE",2
INGLESIDE,Diamond Heights,SUSPICIOUS OCC,8
INGLESIDE,Diamond Heights,TRESPASS,2
INGLESIDE,Diamond Heights,VANDALISM,12
INGLESIDE,Diamond Heights,VEHICLE THEFT,15
INGLESIDE,Diamond Heights,WARRANTS,2
INGLESIDE,Excelsior,ARSON,3
INGLESIDE,Excelsior,ASSAULT,247
INGLESIDE,Excelsior,BAD CHECKS,1
INGLESIDE,Excelsior,BRIBERY,3
INGLESIDE,Excelsior,BURGLARY,56
INGLESIDE,Excelsior,DISORDERLY CONDUCT,1
INGLESIDE,Excelsior,DRIVING UNDER THE INFLUENCE,4
INGLESIDE,Excelsior,DRUG/NARCOTIC,45
INGLESIDE,Excelsior,DRUNKENNESS,2
INGLESIDE,Excelsior,EMBEZZLEMENT,1
INGLESIDE,Excelsior,EXTORTION,2
INGLESIDE,Excelsior,FAMILY OFFENSES,2
INGLESIDE,Excelsior,FORGERY/COUNTERFEITING,7
INGLESIDE,Excelsior,FRAUD,18
INGLESIDE,Excelsior,KIDNAPPING,6
INGLESIDE,Excelsior,LARCENY/THEFT,209
INGLESIDE,Excelsior,MISSING PERSON,182
INGLESIDE,Excelsior,NON-CRIMINAL,167
INGLESIDE,Excelsior,OTHER OFFENSES,318
INGLESIDE,Excelsior,RECOVERED VEHICLE,23
INGLESIDE,Excelsior,ROBBERY,66
INGLESIDE,Excelsior,RUNAWAY,3
INGLESIDE,Excelsior,SECONDARY CODES,52
INGLESIDE,Excelsior,"SEX OFFENSES, FORCIBLE",20
INGLESIDE,Excelsior,"SEX OFFENSES, NON FORCIBLE",1
INGLESIDE,Excelsior,STOLEN PROPERTY,10
INGLESIDE,Excelsior,SUICIDE,2
INGLESIDE,Excelsior,SUSPICIOUS OCC,80
INGLESIDE,Excelsior,TRESPASS,6
INGLESIDE,Excelsior,VANDALISM,128
INGLESIDE,Excelsior,VEHICLE THEFT,158
INGLESIDE,Excelsior,WARRANTS,46
INGLESIDE,Excelsior,WEAPON LAWS,19
INGLESIDE,Glen Park,ASSAULT,40
INGLESIDE,Glen Park,BURGLARY,41
INGLESIDE,Glen Park,DRIVING UNDER THE INFLUENCE,3
INGLESIDE,Glen Park,DRUG/NARCOTIC,2
INGLESIDE,Glen Park,FRAUD,9
INGLESIDE,Glen Park,LARCENY/THEFT,149
INGLESIDE,Glen Park,LIQUOR LAWS,1
INGLESIDE,Glen Park,LOITERING,1
INGLESIDE,Glen Park,MISSING PERSON,22
INGLESIDE,Glen Park,NON-CRIMINAL,79
INGLESIDE,Glen Park,OTHER OFFENSES,88
INGLESIDE,Glen Park,RECOVERED VEHICLE,2
INGLESIDE,Glen Park,ROBBERY,3
INGLESIDE,Glen Park,SECONDARY CODES,7
INGLESIDE,Glen Park,"SEX OFFENSES, FORCIBLE",4
INGLESIDE,Glen Park,SUSPICIOUS OCC,21
INGLESIDE,Glen Park,TRESPASS,4
INGLESIDE,Glen Park,VANDALISM,31
INGLESIDE,Glen Park,VEHICLE THEFT,57
INGLESIDE,Glen Park,WARRANTS,6
INGLESIDE,Glen Park,WEAPON LAWS,1
INGLESIDE,Mission,BURGLARY,1
INGLESIDE,Mission,DRUG/NARCOTIC,2
INGLESIDE,Mission,OTHER OFFENSES,2
INGLESIDE,Mission,STOLEN PROPERTY,1
INGLESIDE,Mission,WARRANTS,1
INGLESIDE,Noe Valley,ASSAULT,18
INGLESIDE,Noe Valley,BRIBERY,1
INGLESIDE,Noe Valley,BURGLARY,38
INGLESIDE,Noe Valley,DRIVING UNDER THE INFLUENCE,1
INGLESIDE,Noe Valley,DRUG/NARCOTIC,2
INGLESIDE,Noe Valley,FORGERY/COUNTERFEITING,2
INGLESIDE,Noe Valley,FRAUD,7
INGLESIDE,Noe Valley,KIDNAPPING,1
INGLESIDE,Noe Valley,LARCENY/THEFT,102
INGLESIDE,Noe Valley,MISSING PERSON,6
INGLESIDE,Noe Valley,NON-CRIMINAL,44
INGLESIDE,Noe Valley,OTHER OFFENSES,37
INGLESIDE,Noe Valley,RECOVERED VEHICLE,2
INGLESIDE,Noe Valley,ROBBERY,5
INGLESIDE,Noe Valley,SECONDARY CODES,3
INGLESIDE,Noe Valley,SUICIDE,1
INGLESIDE,Noe Valley,SUSPICIOUS OCC,16
INGLESIDE,Noe Valley,TRESPASS,2
INGLESIDE,Noe Valley,VANDALISM,24
INGLESIDE,Noe Valley,VEHICLE THEFT,61
INGLESIDE,Noe Valley,WARRANTS,3
INGLESIDE,Noe Valley,WEAPON LAWS,2
INGLESIDE,Ocean View,ASSAULT,2
INGLESIDE,Ocean View,DRUG/NARCOTIC,2
INGLESIDE,Ocean View,LARCENY/THEFT,8
INGLESIDE,Ocean View,NON-CRIMINAL,5
INGLESIDE,Ocean View,OTHER OFFENSES,6
INGLESIDE,Ocean View,ROBBERY,2
INGLESIDE,Ocean View,"SEX OFFENSES, FORCIBLE",2
INGLESIDE,Ocean View,STOLEN PROPERTY,1
INGLESIDE,Ocean View,SUSPICIOUS OCC,2
INGLESIDE,Ocean View,VANDALISM,4
INGLESIDE,Ocean View,VEHICLE THEFT,6
INGLESIDE,Ocean View,WARRANTS,3
INGLESIDE,Ocean View,WEAPON LAWS,1
INGLESIDE,Outer Mission,ARSON,6
INGLESIDE,Outer Mission,ASSAULT,373
INGLESIDE,Outer Mission,BAD CHECKS,1
INGLESIDE,Outer Mission,BRIBERY,2
INGLESIDE,Outer Mission,BURGLARY,80
INGLESIDE,Outer Mission,DISORDERLY CONDUCT,3
INGLESIDE,Outer Mission,DRIVING UNDER THE INFLUENCE,7
INGLESIDE,Outer Mission,DRUG/NARCOTIC,45
INGLESIDE,Outer Mission,DRUNKENNESS,4
INGLESIDE,Outer Mission,EMBEZZLEMENT,1
INGLESIDE,Outer Mission,EXTORTION,2
INGLESIDE,Outer Mission,FORGERY/COUNTERFEITING,16
INGLESIDE,Outer Mission,FRAUD,31
INGLESIDE,Outer Mission,GAMBLING,3
INGLESIDE,Outer Mission,KIDNAPPING,8
INGLESIDE,Outer Mission,LARCENY/THEFT,398
INGLESIDE,Outer Mission,LIQUOR LAWS,2
INGLESIDE,Outer Mission,LOITERING,1
INGLESIDE,Outer Mission,MISSING PERSON,113
INGLESIDE,Outer Mission,NON-CRIMINAL,315
INGLESIDE,Outer Mission,OTHER OFFENSES,536
INGLESIDE,Outer Mission,PORNOGRAPHY/OBSCENE MAT,1
INGLESIDE,Outer Mission,RECOVERED VEHICLE,14
INGLESIDE,Outer Mission,ROBBERY,79
INGLESIDE,Outer Mission,RUNAWAY,2
INGLESIDE,Outer Mission,SECONDARY CODES,49
INGLESIDE,Outer Mission,"SEX OFFENSES, FORCIBLE",22
INGLESIDE,Outer Mission,"SEX OFFENSES, NON FORCIBLE",2
INGLESIDE,Outer Mission,STOLEN PROPERTY,12
INGLESIDE,Outer Mission,SUICIDE,6
INGLESIDE,Outer Mission,SUSPICIOUS OCC,128
INGLESIDE,Outer Mission,TRESPASS,15
INGLESIDE,Outer Mission,VANDALISM,156
INGLESIDE,Outer Mission,VEHICLE THEFT,189
INGLESIDE,Outer Mission,WARRANTS,76
INGLESIDE,Outer Mission,WEAPON LAWS,37
INGLESIDE,Twin Peaks,BURGLARY,1
INGLESIDE,Twin Peaks,FORGERY/COUNTERFEITING,1
INGLESIDE,Twin Peaks,LARCENY/THEFT,8
INGLESIDE,Twin Peaks,MISSING PERSON,2
INGLESIDE,Twin Peaks,NON-CRIMINAL,5
INGLESIDE,Twin Peaks,OTHER OFFENSES,6
INGLESIDE,Visitacion Valley,ARSON,6
INGLESIDE,Visitacion Valley,ASSAULT,332
INGLESIDE,Visitacion Valley,BRIBERY,1
INGLESIDE,Visitacion Valley,BURGLARY,53
INGLESIDE,Visitacion Valley,DISORDERLY CONDUCT,3
INGLESIDE,Visitacion Valley,DRIVING UNDER THE INFLUENCE,7
INGLESIDE,Visitacion Valley,DRUG/NARCOTIC,38
INGLESIDE,Visitacion Valley,DRUNKENNESS,3
INGLESIDE,Visitacion Valley,EXTORTION,1
INGLESIDE,Visitacion Valley,FAMILY OFFENSES,4
INGLESIDE,Visitacion Valley,FORGERY/COUNTERFEITING,2
INGLESIDE,Visitacion Valley,FRAUD,19
INGLESIDE,Visitacion Valley,KIDNAPPING,11
INGLESIDE,Visitacion Valley,LARCENY/THEFT,163
INGLESIDE,Visitacion Valley,LIQUOR LAWS,1
INGLESIDE,Visitacion Valley,LOITERING,1
INGLESIDE,Visitacion Valley,MISSING PERSON,66
INGLESIDE,Visitacion Valley,NON-CRIMINAL,203
INGLESIDE,Visitacion Valley,OTHER OFFENSES,251
INGLESIDE,Visitacion Valley,PROSTITUTION,8
INGLESIDE,Visitacion Valley,RECOVERED VEHICLE,23
INGLESIDE,Visitacion Valley,ROBBERY,49
INGLESIDE,Visitacion Valley,RUNAWAY,4
INGLESIDE,Visitacion Valley,SECONDARY CODES,66
INGLESIDE,Visitacion Valley,"SEX OFFENSES, FORCIBLE",15
INGLESIDE,Visitacion Valley,STOLEN PROPERTY,7
INGLESIDE,Visitacion Valley,SUICIDE,3
INGLESIDE,Visitacion Valley,SUSPICIOUS OCC,92
INGLESIDE,Visitacion Valley,TRESPASS,8
INGLESIDE,Visitacion Valley,VANDALISM,172
INGLESIDE,Visitacion Valley,VEHICLE THEFT,103
INGLESIDE,Visitacion Valley,WARRANTS,65
INGLESIDE,Visitacion Valley,WEAPON LAWS,43
INGLESIDE,West of Twin Peaks,ASSAULT,31
INGLESIDE,West of Twin Peaks,BURGLARY,53
INGLESIDE,West of Twin Peaks,DRIVING UNDER THE INFLUENCE,1
INGLESIDE,West of Twin Peaks,DRUG/NARCOTIC,2
INGLESIDE,West of Twin Peaks,DRUNKENNESS,1
INGLESIDE,West of Twin Peaks,FAMILY OFFENSES,1
INGLESIDE,West of Twin Peaks,FORGERY/COUNTERFEITING,1
INGLESIDE,West of Twin Peaks,FRAUD,18
INGLESIDE,West of Twin Peaks,KIDNAPPING,1
INGLESIDE,West of Twin Peaks,LARCENY/THEFT,106
INGLESIDE,West of Twin Peaks,LIQUOR LAWS,1
INGLESIDE,West of Twin Peaks,MISSING PERSON,3
INGLESIDE,West of Twin Peaks,NON-CRIMINAL,41
INGLESIDE,West of Twin Peaks,OTHER OFFENSES,74
INGLESIDE,West of Twin Peaks,RECOVERED VEHICLE,5
INGLESIDE,West of Twin Peaks,ROBBERY,1
INGLESIDE,West of Twin Peaks,SECONDARY CODES,3
INGLESIDE,West of Twin Peaks,"SEX OFFENSES, FORCIBLE",3
INGLESIDE,West of Twin Peaks,STOLEN PROPERTY,2
INGLESIDE,West of Twin Peaks,SUICIDE,1
INGLESIDE,West of Twin Peaks,SUSPICIOUS OCC,20
INGLESIDE,West of Twin Peaks,TRESPASS,9
INGLESIDE,West of Twin Peaks,VANDALISM,16
INGLESIDE,West of Twin Peaks,VEHICLE THEFT,34
INGLESIDE,West of Twin Peaks,WARRANTS,4
INGLESIDE,West of Twin Peaks,WEAPON LAWS,6
MISSION,Bernal Heights,ASSAULT,33
MISSION,Bernal Heights,BURGLARY,7
MISSION,Bernal Heights,DISORDERLY CONDUCT,1
MISSION,Bernal Heights,DRIVING UNDER THE INFLUENCE,2
MISSION,Bernal Heights,DRUG/NARCOTIC,3
MISSION,Bernal Heights,DRUNKENNESS,1
MISSION,Bernal Heights,FRAUD,3
MISSION,Bernal Heights,KIDNAPPING,1
MISSION,Bernal Heights,LARCENY/THEFT,16
MISSION,Bernal Heights,LOITERING,1
MISSION,Bernal Heights,MISSING PERSON,31
MISSION,Bernal Heights,NON-CRIMINAL,47
MISSION,Bernal Heights,OTHER OFFENSES,39
MISSION,Bernal Heights,ROBBERY,3
MISSION,Bernal Heights,SECONDARY CODES,2
MISSION,Bernal Heights,"SEX OFFENSES, FORCIBLE",1
MISSION,Bernal Heights,SUSPICIOUS OCC,8
MISSION,Bernal Heights,TRESPASS,6
MISSION,Bernal Heights,VANDALISM,12
MISSION,Bernal Heights,VEHICLE THEFT,14
MISSION,Bernal Heights,WARRANTS,6
MISSION,Bernal Heights,WEAPON LAWS,2
MISSION,Castro/Upper Market,ARSON,5
MISSION,Castro/Upper Market,ASSAULT,353
MISSION,Castro/Upper Market,BRIBERY,1
MISSION,Castro/Upper Market,BURGLARY,156
MISSION,Castro/Upper Market,DISORDERLY CONDUCT,14
MISSION,Castro/Upper Market,DRIVING UNDER THE INFLUENCE,4
MISSION,Castro/Upper Market,DRUG/NARCOTIC,89
MISSION,Castro/Upper Market,DRUNKENNESS,19
MISSION,Castro/Upper Market,EMBEZZLEMENT,4
MISSION,Castro/Upper Market,FAMILY OFFENSES,1
MISSION,Castro/Upper Market,FORGERY/COUNTERFEITING,11
MISSION,Castro/Upper Market,FRAUD,68
MISSION,Castro/Upper Market,KIDNAPPING,4
MISSION,Castro/Upper Market,LARCENY/THEFT,704
MISSION,Castro/Upper Market,LIQUOR LAWS,1
MISSION,Castro/Upper Market,MISSING PERSON,43
MISSION,Castro/Upper Market,NON-CRIMINAL,466
MISSION,Castro/Upper Market,OTHER OFFENSES,352
MISSION,Castro/Upper Market,PROSTITUTION,1
MISSION,Castro/Upper Market,RECOVERED VEHICLE,11
MISSION,Castro/Upper Market,ROBBERY,88
MISSION,Castro/Upper Market,SECONDARY CODES,37
MISSION,Castro/Upper Market,"SEX OFFENSES, FORCIBLE",18
MISSION,Castro/Upper Market,STOLEN PROPERTY,16
MISSION,Castro/Upper Market,SUSPICIOUS OCC,153
MISSION,Castro/Upper Market,TRESPASS,54
MISSION,Castro/Upper Market,VANDALISM,199
MISSION,Castro/Upper Market,VEHICLE THEFT,161
MISSION,Castro/Upper Market,WARRANTS,169
MISSION,Castro/Upper Market,WEAPON LAWS,35
MISSION,Diamond Heights,ASSAULT,3
MISSION,Diamond Heights,LARCENY/THEFT,3
MISSION,Diamond Heights,NON-CRIMINAL,2
MISSION,Diamond Heights,OTHER OFFENSES,4
MISSION,Diamond Heights,"SEX OFFENSES, FORCIBLE",1
MISSION,Diamond Heights,VANDALISM,3
MISSION,Diamond Heights,VEHICLE THEFT,1
MISSION,Inner Sunset,VANDALISM,1
MISSION,Mission,ARSON,41
MISSION,Mission,ASSAULT,1631
MISSION,Mission,BAD CHECKS,2
MISSION,Mission,BRIBERY,9
MISSION,Mission,BURGLARY,524
MISSION,Mission,DISORDERLY CONDUCT,145
MISSION,Mission,DRIVING UNDER THE INFLUENCE,51
MISSION,Mission,DRUG/NARCOTIC,537
MISSION,Mission,DRUNKENNESS,80
MISSION,Mission,EMBEZZLEMENT,20
MISSION,Mission,EXTORTION,7
MISSION,Mission,FAMILY OFFENSES,13
MISSION,Mission,FORGERY/COUNTERFEITING,72
MISSION,Mission,FRAUD,219
MISSION,Mission,GAMBLING,2
MISSION,Mission,KIDNAPPING,29
MISSION,Mission,LARCENY/THEFT,2391
MISSION,Mission,LIQUOR LAWS,27
MISSION,Mission,LOITERING,5
MISSION,Mission,MISSING PERSON,442
MISSION,Mission,NON-CRIMINAL,1627
MISSION,Mission,OTHER OFFENSES,2446
MISSION,Mission,PROSTITUTION,86
MISSION,Mission,RECOVERED VEHICLE,46
MISSION,Mission,ROBBERY,438
MISSION,Mission,RUNAWAY,5
MISSION,Mission,SECONDARY CODES,174
MISSION,Mission,"SEX OFFENSES, FORCIBLE",153
MISSION,Mission,"SEX OFFENSES, NON FORCIBLE",3
MISSION,Mission,STOLEN PROPERTY,86
MISSION,Mission,SUICIDE,2
MISSION,Mission,SUSPICIOUS OCC,738
MISSION,Mission,TRESPASS,335
MISSION,Mission,VANDALISM,826
MISSION,Mission,VEHICLE THEFT,649
MISSION,Mission,WARRANTS,877
MISSION,Mission,WEAPON LAWS,231
MISSION,Noe Valley,ASSAULT,71
MISSION,Noe Valley,BURGLARY,98
MISSION,Noe Valley,DRIVING UNDER THE INFLUENCE,4
MISSION,Noe Valley,DRUG/NARCOTIC,7
MISSION,Noe Valley,FORGERY/COUNTERFEITING,1
MISSION,Noe Valley,FRAUD,22
MISSION,Noe Valley,KIDNAPPING,1
MISSION,Noe Valley,LARCENY/THEFT,181
MISSION,Noe Valley,LIQUOR LAWS,2
MISSION,Noe Valley,MISSING PERSON,15
MISSION,Noe Valley,NON-CRIMINAL,100
MISSION,Noe Valley,OTHER OFFENSES,127
MISSION,Noe Valley,RECOVERED VEHICLE,4
MISSION,Noe Valley,ROBBERY,14
MISSION,Noe Valley,SECONDARY CODES,14
MISSION,Noe Valley,"SEX OFFENSES, FORCIBLE",5
MISSION,Noe Valley,STOLEN PROPERTY,2
MISSION,Noe Valley,SUICIDE,1
MISSION,Noe Valley,SUSPICIOUS OCC,41
MISSION,Noe Valley,TRESPASS,6
MISSION,Noe Valley,VANDALISM,41
MISSION,Noe Valley,VEHICLE THEFT,98
MISSION,Noe Valley,WARRANTS,13
MISSION,Noe Valley,WEAPON LAWS,10
MISSION,South of Market,ASSAULT,14
MISSION,South of Market,BURGLARY,1
MISSION,South of Market,DISORDERLY CONDUCT,10
MISSION,South of Market,DRUG/NARCOTIC,2
MISSION,South of Market,DRUNKENNESS,1
MISSION,South of Market,LARCENY/THEFT,20
MISSION,South of Market,NON-CRIMINAL,4
MISSION,South of Market,OTHER OFFENSES,10
MISSION,South of Market,ROBBERY,3
MISSION,South of Market,SUSPICIOUS OCC,3
MISSION,South of Market,TRESPASS,11
MISSION,South of Market,VANDALISM,6
MISSION,South of Market,VEHICLE THEFT,6
MISSION,South of Market,WARRANTS,3
MISSION,Twin Peaks,ASSAULT,1
MISSION,Twin Peaks,BURGLARY,3
MISSION,Twin Peaks,FRAUD,2
MISSION,Twin Peaks,LARCENY/THEFT,4
MISSION,Twin Peaks,NON-CRIMINAL,4
MISSION,Twin Peaks,OTHER OFFENSES,3
MISSION,Twin Peaks,"SEX OFFENSES, FORCIBLE",1
MISSION,Twin Peaks,VANDALISM,3
MISSION,Twin Peaks,VEHICLE THEFT,2
NORTHERN,Castro/Upper Market,ARSON,1
NORTHERN,Castro/Upper Market,ASSAULT,15
NORTHERN,Castro/Upper Market,BURGLARY,16
NORTHERN,Castro/Upper Market,DRUG/NARCOTIC,4
NORTHERN,Castro/Upper Market,FRAUD,3
NORTHERN,Castro/Upper Market,LARCENY/THEFT,33
NORTHERN,Castro/Upper Market,LIQUOR LAWS,3
NORTHERN,Castro/Upper Market,MISSING PERSON,49
NORTHERN,Castro/Upper Market,NON-CRIMINAL,28
NORTHERN,Castro/Upper Market,OTHER OFFENSES,17
NORTHERN,Castro/Upper Market,ROBBERY,2
NORTHERN,Castro/Upper Market,SECONDARY CODES,2
NORTHERN,Castro/Upper Market,"SEX OFFENSES, FORCIBLE",1
NORTHERN,Castro/Upper Market,STOLEN PROPERTY,2
NORTHERN,Castro/Upper Market,SUSPICIOUS OCC,11
NORTHERN,Castro/Upper Market,TRESPASS,4
NORTHERN,Castro/Upper Market,VANDALISM,15
NORTHERN,Castro/Upper Market,VEHICLE THEFT,13
NORTHERN,Castro/Upper Market,WARRANTS,6
NORTHERN,Castro/Upper Market,WEAPON LAWS,4
NORTHERN,Downtown/Civic Center,ARSON,9
NORTHERN,Downtown/Civic Center,ASSAULT,585
NORTHERN,Downtown/Civic Center,BAD CHECKS,1
NORTHERN,Downtown/Civic Center,BURGLARY,136
NORTHERN,Downtown/Civic Center,DISORDERLY CONDUCT,61
NORTHERN,Downtown/Civic Center,DRIVING UNDER THE INFLUENCE,10
NORTHERN,Downtown/Civic Center,DRUG/NARCOTIC,301
NORTHERN,Downtown/Civic Center,DRUNKENNESS,14
NORTHERN,Downtown/Civic Center,EMBEZZLEMENT,2
NORTHERN,Downtown/Civic Center,FAMILY OFFENSES,1
NORTHERN,Downtown/Civic Center,FORGERY/COUNTERFEITING,24
NORTHERN,Downtown/Civic Center,FRAUD,85
NORTHERN,Downtown/Civic Center,KIDNAPPING,8
NORTHERN,Downtown/Civic Center,LARCENY/THEFT,1739
NORTHERN,Downtown/Civic Center,LIQUOR LAWS,7
NORTHERN,Downtown/Civic Center,LOITERING,4
NORTHERN,Downtown/Civic Center,MISSING PERSON,80
NORTHERN,Downtown/Civic Center,NON-CRIMINAL,581
NORTHERN,Downtown/Civic Center,OTHER OFFENSES,639
NORTHERN,Downtown/Civic Center,PROSTITUTION,1
NORTHERN,Downtown/Civic Center,RECOVERED VEHICLE,24
NORTHERN,Downtown/Civic Center,ROBBERY,140
NORTHERN,Downtown/Civic Center,RUNAWAY,1
NORTHERN,Downtown/Civic Center,SECONDARY CODES,40
NORTHERN,Downtown/Civic Center,"SEX OFFENSES, FORCIBLE",36
NORTHERN,Downtown/Civic Center,"SEX OFFENSES, NON FORCIBLE",1
NORTHERN,Downtown/Civic Center,STOLEN PROPERTY,29
NORTHERN,Downtown/Civic Center,SUICIDE,2
NORTHERN,Downtown/Civic Center,SUSPICIOUS OCC,203
NORTHERN,Downtown/Civic Center,TRESPASS,100
NORTHERN,Downtown/Civic Center,VANDALISM,307
NORTHERN,Downtown/Civic Center,VEHICLE THEFT,164
NORTHERN,Downtown/Civic Center,WARRANTS,265
NORTHERN,Downtown/Civic Center,WEAPON LAWS,37
NORTHERN,Marina,ARSON,4
NORTHERN,Marina,ASSAULT,197
NORTHERN,Marina,BRIBERY,1
NORTHERN,Marina,BURGLARY,184
NORTHERN,Marina,DISORDERLY CONDUCT,9
NORTHERN,Marina,DRIVING UNDER THE INFLUENCE,8
NORTHERN,Marina,DRUG/NARCOTIC,36
NORTHERN,Marina,DRUNKENNESS,14
NORTHERN,Marina,FORGERY/COUNTERFEITING,18
NORTHERN,Marina,FRAUD,64
NORTHERN,Marina,KIDNAPPING,4
NORTHERN,Marina,LARCENY/THEFT,1360
NORTHERN,Marina,LIQUOR LAWS,1
NORTHERN,Marina,LOITERING,3
NORTHERN,Marina,MISSING PERSON,44
NORTHERN,Marina,NON-CRIMINAL,323
NORTHERN,Marina,OTHER OFFENSES,337
NORTHERN,Marina,RECOVERED VEHICLE,8
NORTHERN,Marina,ROBBERY,48
NORTHERN,Marina,SECONDARY CODES,23
NORTHERN,Marina,"SEX OFFENSES, FORCIBLE",12
NORTHERN,Marina,"SEX OFFENSES, NON FORCIBLE",1
NORTHERN,Marina,STOLEN PROPERTY,26
NORTHERN,Marina,SUICIDE,3
NORTHERN,Marina,SUSPICIOUS OCC,90
NORTHERN,Marina,TRESPASS,23
NORTHERN,Marina,VANDALISM,196
NORTHERN,Marina,VEHICLE THEFT,139
NORTHERN,Marina,WARRANTS,91
NORTHERN,Marina,WEAPON LAWS,12
NORTHERN,Mission,DRUG/NARCOTIC,2
NORTHERN,Mission,LARCENY/THEFT,3
NORTHERN,Mission,NON-CRIMINAL,1
NORTHERN,Mission,OTHER OFFENSES,2
NORTHERN,Mission,SUSPICIOUS OCC,2
NORTHERN,Mission,TRESPASS,2
NORTHERN,Mission,VEHICLE THEFT,2
NORTHERN,Mission,WARRANTS,1
NORTHERN,Nob Hill,ASSAULT,86
NORTHERN,Nob Hill,BRIBERY,1
NORTHERN,Nob Hill,BURGLARY,52
NORTHERN,Nob Hill,DISORDERLY CONDUCT,26
NORTHERN,Nob Hill,DRIVING UNDER THE INFLUENCE,6
NORTHERN,Nob Hill,DRUG/NARCOTIC,26
NORTHERN,Nob Hill,DRUNKENNESS,8
NORTHERN,Nob Hill,FORGERY/COUNTERFEITING,8
NORTHERN,Nob Hill,FRAUD,19
NORTHERN,Nob Hill,LARCENY/THEFT,381
NORTHERN,Nob Hill,MISSING PERSON,15
NORTHERN,Nob Hill,NON-CRIMINAL,141
NORTHERN,Nob Hill,OTHER OFFENSES,151
NORTHERN,Nob Hill,PROSTITUTION,109
NORTHERN,Nob Hill,RECOVERED VEHICLE,6
NORTHERN,Nob Hill,ROBBERY,29
NORTHERN,Nob Hill,SECONDARY CODES,8
NORTHERN,Nob Hill,"SEX OFFENSES, FORCIBLE",2
NORTHERN,Nob Hill,STOLEN PROPERTY,12
NORTHERN,Nob Hill,SUICIDE,1
NORTHERN,Nob Hill,SUSPICIOUS OCC,29
NORTHERN,Nob Hill,TRESPASS,38
NORTHERN,Nob Hill,VANDALISM,70
NORTHERN,Nob Hill,VEHICLE THEFT,37
NORTHERN,Nob Hill,WARRANTS,34
NORTHERN,Nob Hill,WEAPON LAWS,8
NORTHERN,North Beach,FRAUD,1
NORTHERN,North Beach,LARCENY/THEFT,6
NORTHERN,North Beach,NON-CRIMINAL,1
NORTHERN,Pacific Heights,ARSON,1
NORTHERN,Pacific Heights,ASSAULT,66
NORTHERN,Pacific Heights,BURGLARY,105
NORTHERN,Pacific Heights,DISORDERLY CONDUCT,1
NORTHERN,Pacific Heights,DRUG/NARCOTIC,25
NORTHERN,Pacific Heights,DRUNKENNESS,3
NORTHERN,Pacific Heights,EMBEZZLEMENT,3
NORTHERN,Pacific Heights,FAMILY OFFENSES,1
NORTHERN,Pacific Heights,FORGERY/COUNTERFEITING,12
NORTHERN,Pacific Heights,FRAUD,41
NORTHERN,Pacific Heights,LARCENY/THEFT,492
NORTHERN,Pacific Heights,LOITERING,2
NORTHERN,Pacific Heights,MISSING PERSON,32
NORTHERN,Pacific Heights,NON-CRIMINAL,146
NORTHERN,Pacific Heights,OTHER OFFENSES,182
NORTHERN,Pacific Heights,RECOVERED VEHICLE,7
NORTHERN,Pacific Heights,ROBBERY,28
NORTHERN,Pacific Heights,SECONDARY CODES,14
NORTHERN,Pacific Heights,"SEX OFFENSES, FORCIBLE",9
NORTHERN,Pacific Heights,STOLEN PROPERTY,12
NORTHERN,Pacific Heights,SUICIDE,3
NORTHERN,Pacific Heights,SUSPICIOUS OCC,57
NORTHERN,Pacific Heights,TRESPASS,16
NORTHERN,Pacific Heights,VANDALISM,87
NORTHERN,Pacific Heights,VEHICLE THEFT,86
NORTHERN,Pacific Heights,WARRANTS,27
NORTHERN,Pacific Heights,WEAPON LAWS,7
NORTHERN,Presidio,BURGLARY,1
NORTHERN,Presidio,FORGERY/COUNTERFEITING,1
NORTHERN,Presidio,LARCENY/THEFT,6
NORTHERN,Presidio,SUSPICIOUS OCC,1
NORTHERN,Presidio,VEHICLE THEFT,2
NORTHERN,Presidio,WARRANTS,1
NORTHERN,Russian Hill,ASSAULT,55
NORTHERN,Russian Hill,BURGLARY,24
NORTHERN,Russian Hill,DISORDERLY CONDUCT,1
NORTHERN,Russian Hill,DRUG/NARCOTIC,9
NORTHERN,Russian Hill,DRUNKENNESS,4
NORTHERN,Russian Hill,FORGERY/COUNTERFEITING,1
NORTHERN,Russian Hill,FRAUD,15
NORTHERN,Russian Hill,KIDNAPPING,1
NORTHERN,Russian Hill,LARCENY/THEFT,157
NORTHERN,Russian Hill,MISSING PERSON,8
NORTHERN,Russian Hill,NON-CRIMINAL,84
NORTHERN,Russian Hill,OTHER OFFENSES,105
NORTHERN,Russian Hill,RECOVERED VEHICLE,2
NORTHERN,Russian Hill,ROBBERY,10
NORTHERN,Russian Hill,RUNAWAY,2
NORTHERN,Russian Hill,SECONDARY CODES,12
NORTHERN,Russian Hill,"SEX OFFENSES, FORCIBLE",10
NORTHERN,Russian Hill,STOLEN PROPERTY,6
NORTHERN,Russian Hill,SUICIDE,1
NORTHERN,Russian Hill,SUSPICIOUS OCC,15
NORTHERN,Russian Hill,TRESPASS,3
NORTHERN,Russian Hill,VANDALISM,37
NORTHERN,Russian Hill,VEHICLE THEFT,36
NORTHERN,Russian Hill,WARRANTS,16
NORTHERN,Russian Hill,WEAPON LAWS,4
NORTHERN,South of Market,ASSAULT,13
NORTHERN,South of Market,DISORDERLY CONDUCT,1
NORTHERN,South of Market,DRUG/NARCOTIC,3
NORTHERN,South of Market,FRAUD,3
NORTHERN,South of Market,KIDNAPPING,1
NORTHERN,South of Market,LARCENY/THEFT,56
NORTHERN,South of Market,NON-CRIMINAL,19
NORTHERN,South of Market,OTHER OFFENSES,13
NORTHERN,South of Market,ROBBERY,5
NORTHERN,South of Market,SECONDARY CODES,2
NORTHERN,South of Market,SUSPICIOUS OCC,11
NORTHERN,South of Market,TRESPASS,2
NORTHERN,South of Market,VANDALISM,10
NORTHERN,South of Market,VEHICLE THEFT,5
NORTHERN,South of Market,WARRANTS,9
NORTHERN,Western Addition,ARSON,12
NORTHERN,Western Addition,ASSAULT,518
NORTHERN,Western Addition,BAD CHECKS,3
NORTHERN,Western Addition,BRIBERY,2
NORTHERN,Western Addition,BURGLARY,283
NORTHERN,Western Addition,DISORDERLY CONDUCT,25
NORTHERN,Western Addition,DRIVING UNDER THE INFLUENCE,16
NORTHERN,Western Addition,DRUG/NARCOTIC,118
NORTHERN,Western Addition,DRUNKENNESS,16
NORTHERN,Western Addition,EMBEZZLEMENT,4
NORTHERN,Western Addition,EXTORTION,1
NORTHERN,Western Addition,FAMILY OFFENSES,3
NORTHERN,Western Addition,FORGERY/COUNTERFEITING,29
NORTHERN,Western Addition,FRAUD,133
NORTHERN,Western Addition,KIDNAPPING,9
NORTHERN,Western Addition,LARCENY/THEFT,2982
NORTHERN,Western Addition,LIQUOR LAWS,2
NORTHERN,Western Addition,LOITERING,1
NORTHERN,Western Addition,MISSING PERSON,166
NORTHERN,Western Addition,NON-CRIMINAL,718
NORTHERN,Western Addition,OTHER OFFENSES,765
NORTHERN,Western Addition,PROSTITUTION,1
NORTHERN,Western Addition,RECOVERED VEHICLE,23
NORTHERN,Western Addition,ROBBERY,126
NORTHERN,Western Addition,RUNAWAY,5
NORTHERN,Western Addition,SECONDARY CODES,92
NORTHERN,Western Addition,"SEX OFFENSES, FORCIBLE",26
NORTHERN,Western Addition,"SEX OFFENSES, NON FORCIBLE",1
NORTHERN,Western Addition,STOLEN PROPERTY,35
NORTHERN,Western Addition,SUICIDE,4
NORTHERN,Western Addition,SUSPICIOUS OCC,178
NORTHERN,Western Addition,TRESPASS,80
NORTHERN,Western Addition,VANDALISM,475
NORTHERN,Western Addition,VEHICLE THEFT,253
NORTHERN,Western Addition,WARRANTS,172
NORTHERN,Western Addition,WEAPON LAWS,58
PARK,Castro/Upper Market,ARSON,1
PARK,Castro/Upper Market,ASSAULT,31
PARK,Castro/Upper Market,BURGLARY,55
PARK,Castro/Upper Market,DRIVING UNDER THE INFLUENCE,7
PARK,Castro/Upper Market,DRUG/NARCOTIC,11
PARK,Castro/Upper Market,DRUNKENNESS,2
PARK,Castro/Upper Market,FORGERY/COUNTERFEITING,1
PARK,Castro/Upper Market,FRAUD,20
PARK,Castro/Upper Market,LARCENY/THEFT,229
PARK,Castro/Upper Market,LIQUOR LAWS,1
PARK,Castro/Upper Market,MISSING PERSON,28
PARK,Castro/Upper Market,NON-CRIMINAL,105
PARK,Castro/Upper Market,OTHER OFFENSES,91
PARK,Castro/Upper Market,RECOVERED VEHICLE,5
PARK,Castro/Upper Market,ROBBERY,6
PARK,Castro/Upper Market,SECONDARY CODES,3
PARK,Castro/Upper Market,"SEX OFFENSES, FORCIBLE",3
PARK,Castro/Upper Market,"SEX OFFENSES, NON FORCIBLE",1
PARK,Castro/Upper Market,STOLEN PROPERTY,5
PARK,Castro/Upper Market,SUICIDE,1
PARK,Castro/Upper Market,SUSPICIOUS OCC,36
PARK,Castro/Upper Market,TRESPASS,8
PARK,Castro/Upper Market,VANDALISM,69
PARK,Castro/Upper Market,VEHICLE THEFT,83
PARK,Castro/Upper Market,WARRANTS,27
PARK,Castro/Upper Market,WEAPON LAWS,3
PARK,Diamond Heights,OTHER OFFENSES,4
PARK,Diamond Heights,VEHICLE THEFT,1
PARK,Downtown/Civic Center,LARCENY/THEFT,2
PARK,Downtown/Civic Center,OTHER OFFENSES,2
PARK,Downtown/Civic Center,"SEX OFFENSES, FORCIBLE",1
PARK,Golden Gate Park,ASSAULT,30
PARK,Golden Gate Park,BURGLARY,6
PARK,Golden Gate Park,DRIVING UNDER THE INFLUENCE,1
PARK,Golden Gate Park,DRUG/NARCOTIC,56
PARK,Golden Gate Park,FRAUD,5
PARK,Golden Gate Park,LARCENY/THEFT,133
PARK,Golden Gate Park,MISSING PERSON,11
PARK,Golden Gate Park,NON-CRIMINAL,108
PARK,Golden Gate Park,OTHER OFFENSES,60
PARK,Golden Gate Park,RECOVERED VEHICLE,1
PARK,Golden Gate Park,ROBBERY,7
PARK,Golden Gate Park,SECONDARY CODES,3
PARK,Golden Gate Park,"SEX OFFENSES, FORCIBLE",1
PARK,Golden Gate Park,STOLEN PROPERTY,3
PARK,Golden Gate Park,SUSPICIOUS OCC,17
PARK,Golden Gate Park,VANDALISM,20
PARK,Golden Gate Park,VEHICLE THEFT,8
PARK,Golden Gate Park,WARRANTS,30
PARK,Golden Gate Park,WEAPON LAWS,5
PARK,Haight Ashbury,ARSON,7
PARK,Haight Ashbury,ASSAULT,189
PARK,Haight Ashbury,BURGLARY,174
PARK,Haight Ashbury,DISORDERLY CONDUCT,13
PARK,Haight Ashbury,DRIVING UNDER THE INFLUENCE,8
PARK,Haight Ashbury,DRUG/NARCOTIC,173
PARK,Haight Ashbury,DRUNKENNESS,5
PARK,Haight Ashbury,EMBEZZLEMENT,2
PARK,Haight Ashbury,EXTORTION,2
PARK,Haight Ashbury,FORGERY/COUNTERFEITING,9
PARK,Haight Ashbury,FRAUD,63
PARK,Haight Ashbury,KIDNAPPING,3
PARK,Haight Ashbury,LARCENY/THEFT,658
PARK,Haight Ashbury,LIQUOR LAWS,8
PARK,Haight Ashbury,MISSING PERSON,435
PARK,Haight Ashbury,NON-CRIMINAL,621
PARK,Haight Ashbury,OTHER OFFENSES,432
PARK,Haight Ashbury,PROSTITUTION,1
PARK,Haight Ashbury,RECOVERED VEHICLE,7
PARK,Haight Ashbury,ROBBERY,43
PARK,Haight Ashbury,RUNAWAY,26
PARK,Haight Ashbury,SECONDARY CODES,27
PARK,Haight Ashbury,"SEX OFFENSES, FORCIBLE",24
PARK,Haight Ashbury,"SEX OFFENSES, NON FORCIBLE",1
PARK,Haight Ashbury,STOLEN PROPERTY,16
PARK,Haight Ashbury,SUICIDE,2
PARK,Haight Ashbury,SUSPICIOUS OCC,94
PARK,Haight Ashbury,TRESPASS,28
PARK,Haight Ashbury,VANDALISM,140
PARK,Haight Ashbury,VEHICLE THEFT,189
PARK,Haight Ashbury,WARRANTS,176
PARK,Haight Ashbury,WEAPON LAWS,32
PARK,Inner Richmond,ASSAULT,1
PARK,Inner Richmond,BURGLARY,1
PARK,Inner Richmond,EXTORTION,1
PARK,Inner Richmond,LARCENY/THEFT,23
PARK,Inner Richmond,MISSING PERSON,2
PARK,Inner Richmond,NON-CRIMINAL,5
PARK,Inner Richmond,OTHER OFFENSES,10
PARK,Inner Richmond,RECOVERED VEHICLE,1
PARK,Inner Richmond,SECONDARY CODES,4
PARK,Inner Richmond,"SEX OFFENSES, FORCIBLE",1
PARK,Inner Richmond,STOLEN PROPERTY,1
PARK,Inner Richmond,SUSPICIOUS OCC,1
PARK,Inner Richmond,VANDALISM,7
PARK,Inner Richmond,VEHICLE THEFT,2
PARK,Inner Richmond,WARRANTS,1
PARK,Inner Sunset,ARSON,3
PARK,Inner Sunset,ASSAULT,54
PARK,Inner Sunset,BURGLARY,42
PARK,Inner Sunset,DISORDERLY CONDUCT,1
PARK,Inner Sunset,DRIVING UNDER THE INFLUENCE,5
PARK,Inner Sunset,DRUG/NARCOTIC,5
PARK,Inner Sunset,DRUNKENNESS,1
PARK,Inner Sunset,FORGERY/COUNTERFEITING,3
PARK,Inner Sunset,FRAUD,12
PARK,Inner Sunset,KIDNAPPING,1
PARK,Inner Sunset,LARCENY/THEFT,106
PARK,Inner Sunset,MISSING PERSON,57
PARK,Inner Sunset,NON-CRIMINAL,77
PARK,Inner Sunset,OTHER OFFENSES,118
PARK,Inner Sunset,RECOVERED VEHICLE,1
PARK,Inner Sunset,ROBBERY,4
PARK,Inner Sunset,SECONDARY CODES,6
PARK,Inner Sunset,"SEX OFFENSES, FORCIBLE",5
PARK,Inner Sunset,STOLEN PROPERTY,3
PARK,Inner Sunset,SUSPICIOUS OCC,14
PARK,Inner Sunset,TRESPASS,23
PARK,Inner Sunset,VANDALISM,26
PARK,Inner Sunset,VEHICLE THEFT,29
PARK,Inner Sunset,WARRANTS,14
PARK,Inner Sunset,WEAPON LAWS,5
PARK,Noe Valley,OTHER OFFENSES,3
PARK,Outer Sunset,OTHER OFFENSES,3
PARK,Presidio Heights,ASSAULT,2
PARK,Presidio Heights,BURGLARY,3
PARK,Presidio Heights,DISORDERLY CONDUCT,1
PARK,Presidio Heights,FRAUD,1
PARK,Presidio Heights,LARCENY/THEFT,9
PARK,Presidio Heights,MISSING PERSON,2
PARK,Presidio Heights,NON-CRIMINAL,7
PARK,Presidio Heights,OTHER OFFENSES,1
PARK,Presidio Heights,WARRANTS,2
PARK,Twin Peaks,ASSAULT,38
PARK,Twin Peaks,BAD CHECKS,2
PARK,Twin Peaks,BURGLARY,25
PARK,Twin Peaks,DRIVING UNDER THE INFLUENCE,3
PARK,Twin Peaks,DRUG/NARCOTIC,7
PARK,Twin Peaks,DRUNKENNESS,2
PARK,Twin Peaks,FRAUD,12
PARK,Twin Peaks,LARCENY/THEFT,192
PARK,Twin Peaks,MISSING PERSON,19
PARK,Twin Peaks,NON-CRIMINAL,73
PARK,Twin Peaks,OTHER OFFENSES,62
PARK,Twin Peaks,RECOVERED VEHICLE,2
PARK,Twin Peaks,ROBBERY,9
PARK,Twin Peaks,RUNAWAY,2
PARK,Twin Peaks,SECONDARY CODES,9
PARK,Twin Peaks,"SEX OFFENSES, FORCIBLE",4
PARK,Twin Peaks,STOLEN PROPERTY,1
PARK,Twin Peaks,SUICIDE,1
PARK,Twin Peaks,SUSPICIOUS OCC,23
PARK,Twin Peaks,VANDALISM,32
PARK,Twin Peaks,VEHICLE THEFT,22
PARK,Twin Peaks,WARRANTS,2
PARK,Twin Peaks,WEAPON LAWS,1
PARK,West of Twin Peaks,BURGLARY,5
PARK,West of Twin Peaks,DRIVING UNDER THE INFLUENCE,1
PARK,West of Twin Peaks,DRUG/NARCOTIC,1
PARK,West of Twin Peaks,FRAUD,2
PARK,West of Twin Peaks,LARCENY/THEFT,17
PARK,West of Twin Peaks,MISSING PERSON,4
PARK,West of Twin Peaks,NON-CRIMINAL,4
PARK,West of Twin Peaks,OTHER OFFENSES,14
PARK,West of Twin Peaks,ROBBERY,1
PARK,West of Twin Peaks,"SEX OFFENSES, FORCIBLE",1
PARK,West of Twin Peaks,SUSPICIOUS OCC,3
PARK,West of Twin Peaks,VANDALISM,2
PARK,West of Twin Peaks,VEHICLE THEFT,3
PARK,West of Twin Peaks,WARRANTS,1
PARK,Western Addition,ARSON,2
PARK,Western Addition,ASSAULT,179
PARK,Western Addition,BRIBERY,1
PARK,Western Addition,BURGLARY,101
PARK,Western Addition,DISORDERLY CONDUCT,3
PARK,Western Addition,DRIVING UNDER THE INFLUENCE,2
PARK,Western Addition,DRUG/NARCOTIC,21
PARK,Western Addition,DRUNKENNESS,3
PARK,Western Addition,EMBEZZLEMENT,2
PARK,Western Addition,EXTORTION,1
PARK,Western Addition,FORGERY/COUNTERFEITING,8
PARK,Western Addition,FRAUD,42
PARK,Western Addition,KIDNAPPING,4
PARK,Western Addition,LARCENY/THEFT,852
PARK,Western Addition,LIQUOR LAWS,1
PARK,Western Addition,MISSING PERSON,81
PARK,Western Addition,NON-CRIMINAL,239
PARK,Western Addition,OTHER OFFENSES,282
PARK,Western Addition,PROSTITUTION,1
PARK,Western Addition,RECOVERED VEHICLE,12
PARK,Western Addition,ROBBERY,51
PARK,Western Addition,RUNAWAY,3
PARK,Western Addition,SECONDARY CODES,40
PARK,Western Addition,"SEX OFFENSES, FORCIBLE",10
PARK,Western Addition,"SEX OFFENSES, NON FORCIBLE",1
PARK,Western Addition,STOLEN PROPERTY,8
PARK,Western Addition,SUICIDE,1
PARK,Western Addition,SUSPICIOUS OCC,81
PARK,Western Addition,TRESPASS,20
PARK,Western Addition,VANDALISM,158
PARK,Western Addition,VEHICLE THEFT,115
PARK,Western Addition,WARRANTS,64
PARK,Western Addition,WEAPON LAWS,19
PdDistrict,hood,Category,1
RICHMOND,Golden Gate Park,ARSON,3
RICHMOND,Golden Gate Park,ASSAULT,32
RICHMOND,Golden Gate Park,BURGLARY,17
RICHMOND,Golden Gate Park,DISORDERLY CONDUCT,1
RICHMOND,Golden Gate Park,DRIVING UNDER THE INFLUENCE,6
RICHMOND,Golden Gate Park,DRUG/NARCOTIC,13
RICHMOND,Golden Gate Park,DRUNKENNESS,1
RICHMOND,Golden Gate Park,FORGERY/COUNTERFEITING,1
RICHMOND,Golden Gate Park,FRAUD,11
RICHMOND,Golden Gate Park,KIDNAPPING,1
RICHMOND,Golden Gate Park,LARCENY/THEFT,714
RICHMOND,Golden Gate Park,MISSING PERSON,17
RICHMOND,Golden Gate Park,NON-CRIMINAL,148
RICHMOND,Golden Gate Park,OTHER OFFENSES,125
RICHMOND,Golden Gate Park,RECOVERED VEHICLE,4
RICHMOND,Golden Gate Park,ROBBERY,14
RICHMOND,Golden Gate Park,SECONDARY CODES,3
RICHMOND,Golden Gate Park,"SEX OFFENSES, FORCIBLE",3
RICHMOND,Golden Gate Park,STOLEN PROPERTY,8
RICHMOND,Golden Gate Park,SUICIDE,1
RICHMOND,Golden Gate Park,SUSPICIOUS OCC,35
RICHMOND,Golden Gate Park,TRESPASS,6
RICHMOND,Golden Gate Park,VANDALISM,50
RICHMOND,Golden Gate Park,VEHICLE THEFT,29
RICHMOND,Golden Gate Park,WARRANTS,24
RICHMOND,Golden Gate Park,WEAPON LAWS,3
RICHMOND,Haight Ashbury,LARCENY/THEFT,1
RICHMOND,Haight Ashbury,VEHICLE THEFT,1
RICHMOND,Inner Richmond,ARSON,3
RICHMOND,Inner Richmond,ASSAULT,174
RICHMOND,Inner Richmond,BAD CHECKS,2
RICHMOND,Inner Richmond,BURGLARY,149
RICHMOND,Inner Richmond,DISORDERLY CONDUCT,3
RICHMOND,Inner Richmond,DRIVING UNDER THE INFLUENCE,15
RICHMOND,Inner Richmond,DRUG/NARCOTIC,29
RICHMOND,Inner Richmond,DRUNKENNESS,10
RICHMOND,Inner Richmond,EMBEZZLEMENT,2
RICHMOND,Inner Richmond,EXTORTION,2
RICHMOND,Inner Richmond,FAMILY OFFENSES,2
RICHMOND,Inner Richmond,FORGERY/COUNTERFEITING,15
RICHMOND,Inner Richmond,FRAUD,69
RICHMOND,Inner Richmond,KIDNAPPING,4
RICHMOND,Inner Richmond,LARCENY/THEFT,874
RICHMOND,Inner Richmond,LIQUOR LAWS,7
RICHMOND,Inner Richmond,LOITERING,1
RICHMOND,Inner Richmond,MISSING PERSON,77
RICHMOND,Inner Richmond,NON-CRIMINAL,514
RICHMOND,Inner Richmond,OTHER OFFENSES,386
RICHMOND,Inner Richmond,PROSTITUTION,2
RICHMOND,Inner Richmond,RECOVERED VEHICLE,13
RICHMOND,Inner Richmond,ROBBERY,34
RICHMOND,Inner Richmond,SECONDARY CODES,27
RICHMOND,Inner Richmond,"SEX OFFENSES, FORCIBLE",12
RICHMOND,Inner Richmond,"SEX OFFENSES, NON FORCIBLE",2
RICHMOND,Inner Richmond,STOLEN PROPERTY,9
RICHMOND,Inner Richmond,SUICIDE,2
RICHMOND,Inner Richmond,SUSPICIOUS OCC,117
RICHMOND,Inner Richmond,TRESPASS,19
RICHMOND,Inner Richmond,VANDALISM,166
RICHMOND,Inner Richmond,VEHICLE THEFT,217
RICHMOND,Inner Richmond,WARRANTS,66
RICHMOND,Inner Richmond,WEAPON LAWS,20
RICHMOND,Outer Richmond,ARSON,6
RICHMOND,Outer Richmond,ASSAULT,151
RICHMOND,Outer Richmond,BAD CHECKS,1
RICHMOND,Outer Richmond,BURGLARY,121
RICHMOND,Outer Richmond,DISORDERLY CONDUCT,4
RICHMOND,Outer Richmond,DRIVING UNDER THE INFLUENCE,10
RICHMOND,Outer Richmond,DRUG/NARCOTIC,20
RICHMOND,Outer Richmond,DRUNKENNESS,5
RICHMOND,Outer Richmond,EMBEZZLEMENT,2
RICHMOND,Outer Richmond,EXTORTION,2
RICHMOND,Outer Richmond,FAMILY OFFENSES,1
RICHMOND,Outer Richmond,FORGERY/COUNTERFEITING,10
RICHMOND,Outer Richmond,FRAUD,59
RICHMOND,Outer Richmond,KIDNAPPING,2
RICHMOND,Outer Richmond,LARCENY/THEFT,579
RICHMOND,Outer Richmond,MISSING PERSON,77
RICHMOND,Outer Richmond,NON-CRIMINAL,317
RICHMOND,Outer Richmond,OTHER OFFENSES,283
RICHMOND,Outer Richmond,PROSTITUTION,2
RICHMOND,Outer Richmond,RECOVERED VEHICLE,9
RICHMOND,Outer Richmond,ROBBERY,30
RICHMOND,Outer Richmond,RUNAWAY,5
RICHMOND,Outer Richmond,SECONDARY CODES,64
RICHMOND,Outer Richmond,"SEX OFFENSES, FORCIBLE",16
RICHMOND,Outer Richmond,STOLEN PROPERTY,18
RICHMOND,Outer Richmond,SUSPICIOUS OCC,101
RICHMOND,Outer Richmond,TRESPASS,11
RICHMOND,Outer Richmond,VANDALISM,133
RICHMOND,Outer Richmond,VEHICLE THEFT,142
RICHMOND,Outer Richmond,WARRANTS,44
RICHMOND,Outer Richmond,WEAPON LAWS,21
RICHMOND,Outer Sunset,ASSAULT,3
RICHMOND,Outer Sunset,BURGLARY,2
RICHMOND,Outer Sunset,DRUG/NARCOTIC,3
RICHMOND,Outer Sunset,LARCENY/THEFT,13
RICHMOND,Outer Sunset,NON-CRIMINAL,4
RICHMOND,Outer Sunset,OTHER OFFENSES,8
RICHMOND,Outer Sunset,ROBBERY,2
RICHMOND,Outer Sunset,SECONDARY CODES,1
RICHMOND,Outer Sunset,STOLEN PROPERTY,2
RICHMOND,Outer Sunset,SUSPICIOUS OCC,2
RICHMOND,Outer Sunset,VANDALISM,3
RICHMOND,Outer Sunset,VEHICLE THEFT,1
RICHMOND,Outer Sunset,WARRANTS,2
RICHMOND,Pacific Heights,ASSAULT,12
RICHMOND,Pacific Heights,BURGLARY,28
RICHMOND,Pacific Heights,DRUG/NARCOTIC,3
RICHMOND,Pacific Heights,FORGERY/COUNTERFEITING,2
RICHMOND,Pacific Heights,FRAUD,15
RICHMOND,Pacific Heights,LARCENY/THEFT,119
RICHMOND,Pacific Heights,MISSING PERSON,3
RICHMOND,Pacific Heights,NON-CRIMINAL,46
RICHMOND,Pacific Heights,OTHER OFFENSES,40
RICHMOND,Pacific Heights,RECOVERED VEHICLE,4
RICHMOND,Pacific Heights,ROBBERY,4
RICHMOND,Pacific Heights,"SEX OFFENSES, FORCIBLE",1
RICHMOND,Pacific Heights,STOLEN PROPERTY,4
RICHMOND,Pacific Heights,SUSPICIOUS OCC,10
RICHMOND,Pacific Heights,TRESPASS,5
RICHMOND,Pacific Heights,VANDALISM,19
RICHMOND,Pacific Heights,VEHICLE THEFT,34
RICHMOND,Pacific Heights,WARRANTS,4
RICHMOND,Pacific Heights,WEAPON LAWS,3
RICHMOND,Presidio,LARCENY/THEFT,2
RICHMOND,Presidio,MISSING PERSON,2
RICHMOND,Presidio,NON-CRIMINAL,1
RICHMOND,Presidio,OTHER OFFENSES,1
RICHMOND,Presidio,VANDALISM,1
RICHMOND,Presidio Heights,ASSAULT,36
RICHMOND,Presidio Heights,BAD CHECKS,2
RICHMOND,Presidio Heights,BURGLARY,36
RICHMOND,Presidio Heights,DISORDERLY CONDUCT,1
RICHMOND,Presidio Heights,DRIVING UNDER THE INFLUENCE,2
RICHMOND,Presidio Heights,DRUG/NARCOTIC,2
RICHMOND,Presidio Heights,EXTORTION,1
RICHMOND,Presidio Heights,FORGERY/COUNTERFEITING,11
RICHMOND,Presidio Heights,FRAUD,21
RICHMOND,Presidio Heights,LARCENY/THEFT,201
RICHMOND,Presidio Heights,MISSING PERSON,30
RICHMOND,Presidio Heights,NON-CRIMINAL,90
RICHMOND,Presidio Heights,OTHER OFFENSES,80
RICHMOND,Presidio Heights,RECOVERED VEHICLE,2
RICHMOND,Presidio Heights,ROBBERY,7
RICHMOND,Presidio Heights,RUNAWAY,3
RICHMOND,Presidio Heights,SECONDARY CODES,12
RICHMOND,Presidio Heights,"SEX OFFENSES, FORCIBLE",4
RICHMOND,Presidio Heights,STOLEN PROPERTY,3
RICHMOND,Presidio Heights,SUSPICIOUS OCC,44
RICHMOND,Presidio Heights,TRESPASS,4
RICHMOND,Presidio Heights,VANDALISM,39
RICHMOND,Presidio Heights,VEHICLE THEFT,37
RICHMOND,Presidio Heights,WARRANTS,11
RICHMOND,Presidio Heights,WEAPON LAWS,2
RICHMOND,Seacliff,ARSON,1
RICHMOND,Seacliff,ASSAULT,5
RICHMOND,Seacliff,BURGLARY,11
RICHMOND,Seacliff,DRUG/NARCOTIC,3
RICHMOND,Seacliff,FORGERY/COUNTERFEITING,1
RICHMOND,Seacliff,FRAUD,11
RICHMOND,Seacliff,LARCENY/THEFT,424
RICHMOND,Seacliff,MISSING PERSON,5
RICHMOND,Seacliff,NON-CRIMINAL,42
RICHMOND,Seacliff,OTHER OFFENSES,18
RICHMOND,Seacliff,RECOVERED VEHICLE,1
RICHMOND,Seacliff,ROBBERY,3
RICHMOND,Seacliff,SECONDARY CODES,1
RICHMOND,Seacliff,STOLEN PROPERTY,2
RICHMOND,Seacliff,SUSPICIOUS OCC,24
RICHMOND,Seacliff,TRESPASS,1
RICHMOND,Seacliff,VANDALISM,26
RICHMOND,Seacliff,VEHICLE THEFT,14
RICHMOND,Seacliff,WARRANTS,6
RICHMOND,Seacliff,WEAPON LAWS,4
RICHMOND,Treasure Island/YBI,ASSAULT,1
RICHMOND,Treasure Island/YBI,FRAUD,2
RICHMOND,Treasure Island/YBI,LARCENY/THEFT,3
RICHMOND,Treasure Island/YBI,OTHER OFFENSES,3
RICHMOND,Treasure Island/YBI,SECONDARY CODES,1
RICHMOND,Treasure Island/YBI,VEHICLE THEFT,4
RICHMOND,Western Addition,ARSON,1
RICHMOND,Western Addition,ASSAULT,58
RICHMOND,Western Addition,BRIBERY,1
RICHMOND,Western Addition,BURGLARY,31
RICHMOND,Western Addition,DRIVING UNDER THE INFLUENCE,1
RICHMOND,Western Addition,DRUG/NARCOTIC,3
RICHMOND,Western Addition,DRUNKENNESS,1
RICHMOND,Western Addition,FORGERY/COUNTERFEITING,4
RICHMOND,Western Addition,FRAUD,12
RICHMOND,Western Addition,KIDNAPPING,1
RICHMOND,Western Addition,LARCENY/THEFT,196
RICHMOND,Western Addition,LIQUOR LAWS,1
RICHMOND,Western Addition,MISSING PERSON,18
RICHMOND,Western Addition,NON-CRIMINAL,83
RICHMOND,Western Addition,OTHER OFFENSES,69
RICHMOND,Western Addition,PROSTITUTION,1
RICHMOND,Western Addition,RECOVERED VEHICLE,2
RICHMOND,Western Addition,ROBBERY,7
RICHMOND,Western Addition,SECONDARY CODES,8
RICHMOND,Western Addition,"SEX OFFENSES, FORCIBLE",3
RICHMOND,Western Addition,STOLEN PROPERTY,2
RICHMOND,Western Addition,SUICIDE,1
RICHMOND,Western Addition,SUSPICIOUS OCC,22
RICHMOND,Western Addition,TRESPASS,3
RICHMOND,Western Addition,VANDALISM,40
RICHMOND,Western Addition,VEHICLE THEFT,36
RICHMOND,Western Addition,WARRANTS,15
RICHMOND,Western Addition,WEAPON LAWS,3
SOUTHERN,Bayview,BURGLARY,1
SOUTHERN,Bayview,OTHER OFFENSES,1
SOUTHERN,Bayview,WARRANTS,1
SOUTHERN,Downtown/Civic Center,ASSAULT,245
SOUTHERN,Downtown/Civic Center,BAD CHECKS,1
SOUTHERN,Downtown/Civic Center,BRIBERY,2
SOUTHERN,Downtown/Civic Center,BURGLARY,20
SOUTHERN,Downtown/Civic Center,DISORDERLY CONDUCT,6
SOUTHERN,Downtown/Civic Center,DRUG/NARCOTIC,150
SOUTHERN,Downtown/Civic Center,DRUNKENNESS,6
SOUTHERN,Downtown/Civic Center,EMBEZZLEMENT,1
SOUTHERN,Downtown/Civic Center,FAMILY OFFENSES,1
SOUTHERN,Downtown/Civic Center,FORGERY/COUNTERFEITING,29
SOUTHERN,Downtown/Civic Center,FRAUD,31
SOUTHERN,Downtown/Civic Center,KIDNAPPING,5
SOUTHERN,Downtown/Civic Center,LARCENY/THEFT,538
SOUTHERN,Downtown/Civic Center,LOITERING,1
SOUTHERN,Downtown/Civic Center,MISSING PERSON,24
SOUTHERN,Downtown/Civic Center,NON-CRIMINAL,321
SOUTHERN,Downtown/Civic Center,OTHER OFFENSES,315
SOUTHERN,Downtown/Civic Center,PROSTITUTION,2
SOUTHERN,Downtown/Civic Center,RECOVERED VEHICLE,3
SOUTHERN,Downtown/Civic Center,ROBBERY,108
SOUTHERN,Downtown/Civic Center,SECONDARY CODES,25
SOUTHERN,Downtown/Civic Center,"SEX OFFENSES, FORCIBLE",8
SOUTHERN,Downtown/Civic Center,STOLEN PROPERTY,23
SOUTHERN,Downtown/Civic Center,SUICIDE,1
SOUTHERN,Downtown/Civic Center,SUSPICIOUS OCC,88
SOUTHERN,Downtown/Civic Center,TRESPASS,8
SOUTHERN,Downtown/Civic Center,VANDALISM,68
SOUTHERN,Downtown/Civic Center,VEHICLE THEFT,6
SOUTHERN,Downtown/Civic Center,WARRANTS,201
SOUTHERN,Downtown/Civic Center,WEAPON LAWS,44
SOUTHERN,Financial District,ARSON,5
SOUTHERN,Financial District,ASSAULT,407
SOUTHERN,Financial District,BAD CHECKS,2
SOUTHERN,Financial District,BRIBERY,1
SOUTHERN,Financial District,BURGLARY,90
SOUTHERN,Financial District,DISORDERLY CONDUCT,15
SOUTHERN,Financial District,DRIVING UNDER THE INFLUENCE,11
SOUTHERN,Financial District,DRUG/NARCOTIC,53
SOUTHERN,Financial District,DRUNKENNESS,15
SOUTHERN,Financial District,EMBEZZLEMENT,6
SOUTHERN,Financial District,EXTORTION,1
SOUTHERN,Financial District,FORGERY/COUNTERFEITING,19
SOUTHERN,Financial District,FRAUD,106
SOUTHERN,Financial District,KIDNAPPING,5
SOUTHERN,Financial District,LARCENY/THEFT,1360
SOUTHERN,Financial District,LIQUOR LAWS,1
SOUTHERN,Financial District,LOITERING,1
SOUTHERN,Financial District,MISSING PERSON,60
SOUTHERN,Financial District,NON-CRIMINAL,587
SOUTHERN,Financial District,OTHER OFFENSES,425
SOUTHERN,Financial District,PROSTITUTION,255
SOUTHERN,Financial District,RECOVERED VEHICLE,10
SOUTHERN,Financial District,ROBBERY,94
SOUTHERN,Financial District,RUNAWAY,1
SOUTHERN,Financial District,SECONDARY CODES,28
SOUTHERN,Financial District,"SEX OFFENSES, FORCIBLE",25
SOUTHERN,Financial District,"SEX OFFENSES, NON FORCIBLE",1
SOUTHERN,Financial District,STOLEN PROPERTY,23
SOUTHERN,Financial District,SUICIDE,1
SOUTHERN,Financial District,SUSPICIOUS OCC,131
SOUTHERN,Financial District,TREA,1
SOUTHERN,Financial District,TRESPASS,63
SOUTHERN,Financial District,VANDALISM,195
SOUTHERN,Financial District,VEHICLE THEFT,70
SOUTHERN,Financial District,WARRANTS,127
SOUTHERN,Financial District,WEAPON LAWS,37
SOUTHERN,Mission,ASSAULT,12
SOUTHERN,Mission,BURGLARY,6
SOUTHERN,Mission,DISORDERLY CONDUCT,5
SOUTHERN,Mission,DRIVING UNDER THE INFLUENCE,1
SOUTHERN,Mission,DRUG/NARCOTIC,14
SOUTHERN,Mission,LARCENY/THEFT,47
SOUTHERN,Mission,LOITERING,1
SOUTHERN,Mission,NON-CRIMINAL,18
SOUTHERN,Mission,OTHER OFFENSES,30
SOUTHERN,Mission,RECOVERED VEHICLE,1
SOUTHERN,Mission,ROBBERY,2
SOUTHERN,Mission,SECONDARY CODES,2
SOUTHERN,Mission,STOLEN PROPERTY,1
SOUTHERN,Mission,SUSPICIOUS OCC,6
SOUTHERN,Mission,TRESPASS,9
SOUTHERN,Mission,VANDALISM,14
SOUTHERN,Mission,VEHICLE THEFT,9
SOUTHERN,Mission,WARRANTS,13
SOUTHERN,Mission,WEAPON LAWS,3
SOUTHERN,North Beach,ASSAULT,1
SOUTHERN,North Beach,BURGLARY,1
SOUTHERN,North Beach,LARCENY/THEFT,4
SOUTHERN,North Beach,MISSING PERSON,2
SOUTHERN,North Beach,NON-CRIMINAL,4
SOUTHERN,North Beach,OTHER OFFENSES,1
SOUTHERN,North Beach,ROBBERY,1
SOUTHERN,North Beach,SECONDARY CODES,1
SOUTHERN,North Beach,TRESPASS,1
SOUTHERN,North Beach,VANDALISM,1
SOUTHERN,Potrero Hill,ASSAULT,3
SOUTHERN,Potrero Hill,DRUG/NARCOTIC,1
SOUTHERN,Potrero Hill,LARCENY/THEFT,8
SOUTHERN,Potrero Hill,MISSING PERSON,2
SOUTHERN,Potrero Hill,NON-CRIMINAL,3
SOUTHERN,Potrero Hill,OTHER OFFENSES,8
SOUTHERN,Potrero Hill,ROBBERY,1
SOUTHERN,Potrero Hill,SECONDARY CODES,2
SOUTHERN,Potrero Hill,SUSPICIOUS OCC,4
SOUTHERN,Potrero Hill,TRESPASS,1
SOUTHERN,Potrero Hill,VANDALISM,3
SOUTHERN,Potrero Hill,WARRANTS,1
SOUTHERN,Potrero Hill,WEAPON LAWS,3
SOUTHERN,South of Market,ARSON,27
SOUTHERN,South of Market,ASSAULT,1647
SOUTHERN,South of Market,BAD CHECKS,3
SOUTHERN,South of Market,BRIBERY,5
SOUTHERN,South of Market,BURGLARY,704
SOUTHERN,South of Market,DISORDERLY CONDUCT,114
SOUTHERN,South of Market,DRIVING UNDER THE INFLUENCE,53
SOUTHERN,South of Market,DRUG/NARCOTIC,705
SOUTHERN,South of Market,DRUNKENNESS,67
SOUTHERN,South of Market,EMBEZZLEMENT,25
SOUTHERN,South of Market,EXTORTION,7
SOUTHERN,South of Market,FAMILY OFFENSES,2
SOUTHERN,South of Market,FORGERY/COUNTERFEITING,76
SOUTHERN,South of Market,FRAUD,338
SOUTHERN,South of Market,GAMBLING,4
SOUTHERN,South of Market,KIDNAPPING,23
SOUTHERN,South of Market,LARCENY/THEFT,7149
SOUTHERN,South of Market,LIQUOR LAWS,19
SOUTHERN,South of Market,LOITERING,6
SOUTHERN,South of Market,MISSING PERSON,493
SOUTHERN,South of Market,NON-CRIMINAL,2415
SOUTHERN,South of Market,OTHER OFFENSES,2525
SOUTHERN,South of Market,PROSTITUTION,5
SOUTHERN,South of Market,RECOVERED VEHICLE,89
SOUTHERN,South of Market,ROBBERY,378
SOUTHERN,South of Market,RUNAWAY,9
SOUTHERN,South of Market,SECONDARY CODES,191
SOUTHERN,South of Market,"SEX OFFENSES, FORCIBLE",140
SOUTHERN,South of Market,"SEX OFFENSES, NON FORCIBLE",8
SOUTHERN,South of Market,STOLEN PROPERTY,148
SOUTHERN,South of Market,SUICIDE,4
SOUTHERN,South of Market,SUSPICIOUS OCC,712
SOUTHERN,South of Market,TRESPASS,297
SOUTHERN,South of Market,VANDALISM,1130
SOUTHERN,South of Market,VEHICLE THEFT,520
SOUTHERN,South of Market,WARRANTS,1011
SOUTHERN,South of Market,WEAPON LAWS,217
SOUTHERN,Treasure Island/YBI,ARSON,1
SOUTHERN,Treasure Island/YBI,ASSAULT,22
SOUTHERN,Treasure Island/YBI,BURGLARY,11
SOUTHERN,Treasure Island/YBI,DRIVING UNDER THE INFLUENCE,1
SOUTHERN,Treasure Island/YBI,FAMILY OFFENSES,1
SOUTHERN,Treasure Island/YBI,FRAUD,3
SOUTHERN,Treasure Island/YBI,KIDNAPPING,1
SOUTHERN,Treasure Island/YBI,LARCENY/THEFT,64
SOUTHERN,Treasure Island/YBI,MISSING PERSON,28
SOUTHERN,Treasure Island/YBI,NON-CRIMINAL,33
SOUTHERN,Treasure Island/YBI,OTHER OFFENSES,19
SOUTHERN,Treasure Island/YBI,RECOVERED VEHICLE,6
SOUTHERN,Treasure Island/YBI,ROBBERY,2
SOUTHERN,Treasure Island/YBI,SECONDARY CODES,2
SOUTHERN,Treasure Island/YBI,"SEX OFFENSES, FORCIBLE",2
SOUTHERN,Treasure Island/YBI,SUSPICIOUS OCC,12
SOUTHERN,Treasure Island/YBI,TRESPASS,7
SOUTHERN,Treasure Island/YBI,VANDALISM,19
SOUTHERN,Treasure Island/YBI,VEHICLE THEFT,6
SOUTHERN,Treasure Island/YBI,WARRANTS,2
SOUTHERN,Treasure Island/YBI,WEAPON LAWS,2
SOUTHERN,West of Twin Peaks,ASSAULT,6
SOUTHERN,West of Twin Peaks,BURGLARY,1
SOUTHERN,West of Twin Peaks,LARCENY/THEFT,11
SOUTHERN,West of Twin Peaks,MISSING PERSON,3
SOUTHERN,West of Twin Peaks,NON-CRIMINAL,4
SOUTHERN,West of Twin Peaks,OTHER OFFENSES,2
SOUTHERN,West of Twin Peaks,SECONDARY CODES,1
SOUTHERN,West of Twin Peaks,TRESPASS,1
SOUTHERN,West of Twin Peaks,VANDALISM,1
SOUTHERN,West of Twin Peaks,VEHICLE THEFT,1
SOUTHERN,Western Addition,ASSAULT,6
SOUTHERN,Western Addition,BURGLARY,7
SOUTHERN,Western Addition,DISORDERLY CONDUCT,1
SOUTHERN,Western Addition,FORGERY/COUNTERFEITING,2
SOUTHERN,Western Addition,FRAUD,1
SOUTHERN,Western Addition,LARCENY/THEFT,12
SOUTHERN,Western Addition,NON-CRIMINAL,4
SOUTHERN,Western Addition,OTHER OFFENSES,3
SOUTHERN,Western Addition,ROBBERY,2
SOUTHERN,Western Addition,SECONDARY CODES,2
SOUTHERN,Western Addition,"SEX OFFENSES, FORCIBLE",1
SOUTHERN,Western Addition,SUSPICIOUS OCC,6
SOUTHERN,Western Addition,TRESPASS,3
SOUTHERN,Western Addition,VANDALISM,8
SOUTHERN,Western Addition,WARRANTS,1
TARAVAL,Golden Gate Park,ASSAULT,4
TARAVAL,Golden Gate Park,DRIVING UNDER THE INFLUENCE,3
TARAVAL,Golden Gate Park,DRUG/NARCOTIC,7
TARAVAL,Golden Gate Park,FRAUD,1
TARAVAL,Golden Gate Park,LARCENY/THEFT,45
TARAVAL,Golden Gate Park,NON-CRIMINAL,20
TARAVAL,Golden Gate Park,OTHER OFFENSES,25
TARAVAL,Golden Gate Park,ROBBERY,4
TARAVAL,Golden Gate Park,"SEX OFFENSES, FORCIBLE",1
TARAVAL,Golden Gate Park,STOLEN PROPERTY,1
TARAVAL,Golden Gate Park,SUSPICIOUS OCC,1
TARAVAL,Golden Gate Park,VANDALISM,4
TARAVAL,Golden Gate Park,VEHICLE THEFT,7
TARAVAL,Golden Gate Park,WARRANTS,4
TARAVAL,Golden Gate Park,WEAPON LAWS,5
TARAVAL,Inner Sunset,ASSAULT,80
TARAVAL,Inner Sunset,BAD CHECKS,1
TARAVAL,Inner Sunset,BRIBERY,3
TARAVAL,Inner Sunset,BURGLARY,93
TARAVAL,Inner Sunset,DISORDERLY CONDUCT,5
TARAVAL,Inner Sunset,DRIVING UNDER THE INFLUENCE,1
TARAVAL,Inner Sunset,DRUG/NARCOTIC,8
TARAVAL,Inner Sunset,DRUNKENNESS,6
TARAVAL,Inner Sunset,EMBEZZLEMENT,3
TARAVAL,Inner Sunset,FORGERY/COUNTERFEITING,3
TARAVAL,Inner Sunset,FRAUD,24
TARAVAL,Inner Sunset,KIDNAPPING,2
TARAVAL,Inner Sunset,LARCENY/THEFT,319
TARAVAL,Inner Sunset,LIQUOR LAWS,2
TARAVAL,Inner Sunset,MISSING PERSON,48
TARAVAL,Inner Sunset,NON-CRIMINAL,138
TARAVAL,Inner Sunset,OTHER OFFENSES,134
TARAVAL,Inner Sunset,RECOVERED VEHICLE,4
TARAVAL,Inner Sunset,ROBBERY,18
TARAVAL,Inner Sunset,SECONDARY CODES,9
TARAVAL,Inner Sunset,"SEX OFFENSES, FORCIBLE",5
TARAVAL,Inner Sunset,STOLEN PROPERTY,5
TARAVAL,Inner Sunset,SUSPICIOUS OCC,40
TARAVAL,Inner Sunset,TRESPASS,9
TARAVAL,Inner Sunset,VANDALISM,50
TARAVAL,Inner Sunset,VEHICLE THEFT,63
TARAVAL,Inner Sunset,WARRANTS,23
TARAVAL,Inner Sunset,WEAPON LAWS,4
TARAVAL,Lakeshore,ARSON,4
TARAVAL,Lakeshore,ASSAULT,147
TARAVAL,Lakeshore,BAD CHECKS,2
TARAVAL,Lakeshore,BURGLARY,150
TARAVAL,Lakeshore,DISORDERLY CONDUCT,2
TARAVAL,Lakeshore,DRIVING UNDER THE INFLUENCE,12
TARAVAL,Lakeshore,DRUG/NARCOTIC,30
TARAVAL,Lakeshore,DRUNKENNESS,11
TARAVAL,Lakeshore,EMBEZZLEMENT,8
TARAVAL,Lakeshore,EXTORTION,3
TARAVAL,Lakeshore,FAMILY OFFENSES,1
TARAVAL,Lakeshore,FORGERY/COUNTERFEITING,6
TARAVAL,Lakeshore,FRAUD,72
TARAVAL,Lakeshore,KIDNAPPING,3
TARAVAL,Lakeshore,LARCENY/THEFT,789
TARAVAL,Lakeshore,LIQUOR LAWS,8
TARAVAL,Lakeshore,LOITERING,1
TARAVAL,Lakeshore,MISSING PERSON,45
TARAVAL,Lakeshore,NON-CRIMINAL,258
TARAVAL,Lakeshore,OTHER OFFENSES,437
TARAVAL,Lakeshore,PROSTITUTION,102
TARAVAL,Lakeshore,RECOVERED VEHICLE,10
TARAVAL,Lakeshore,ROBBERY,41
TARAVAL,Lakeshore,SECONDARY CODES,32
TARAVAL,Lakeshore,"SEX OFFENSES, FORCIBLE",22
TARAVAL,Lakeshore,"SEX OFFENSES, NON FORCIBLE",3
TARAVAL,Lakeshore,STOLEN PROPERTY,11
TARAVAL,Lakeshore,SUICIDE,1
TARAVAL,Lakeshore,SUSPICIOUS OCC,63
TARAVAL,Lakeshore,TREA,1
TARAVAL,Lakeshore,TRESPASS,33
TARAVAL,Lakeshore,VANDALISM,149
TARAVAL,Lakeshore,VEHICLE THEFT,96
TARAVAL,Lakeshore,WARRANTS,80
TARAVAL,Lakeshore,WEAPON LAWS,12
TARAVAL,Ocean View,ARSON,4
TARAVAL,Ocean View,ASSAULT,235
TARAVAL,Ocean View,BAD CHECKS,1
TARAVAL,Ocean View,BRIBERY,1
TARAVAL,Ocean View,BURGLARY,119
TARAVAL,Ocean View,DISORDERLY CONDUCT,1
TARAVAL,Ocean View,DRIVING UNDER THE INFLUENCE,6
TARAVAL,Ocean View,DRUG/NARCOTIC,20
TARAVAL,Ocean View,DRUNKENNESS,7
TARAVAL,Ocean View,EMBEZZLEMENT,2
TARAVAL,Ocean View,EXTORTION,3
TARAVAL,Ocean View,FAMILY OFFENSES,2
TARAVAL,Ocean View,FORGERY/COUNTERFEITING,3
TARAVAL,Ocean View,FRAUD,33
TARAVAL,Ocean View,KIDNAPPING,9
TARAVAL,Ocean View,LARCENY/THEFT,298
TARAVAL,Ocean View,LIQUOR LAWS,3
TARAVAL,Ocean View,MISSING PERSON,65
TARAVAL,Ocean View,NON-CRIMINAL,237
TARAVAL,Ocean View,OTHER OFFENSES,346
TARAVAL,Ocean View,RECOVERED VEHICLE,13
TARAVAL,Ocean View,ROBBERY,37
TARAVAL,Ocean View,RUNAWAY,1
TARAVAL,Ocean View,SECONDARY CODES,41
TARAVAL,Ocean View,"SEX OFFENSES, FORCIBLE",8
TARAVAL,Ocean View,"SEX OFFENSES, NON FORCIBLE",1
TARAVAL,Ocean View,STOLEN PROPERTY,8
TARAVAL,Ocean View,SUICIDE,1
TARAVAL,Ocean View,SUSPICIOUS OCC,82
TARAVAL,Ocean View,TRESPASS,20
TARAVAL,Ocean View,VANDALISM,125
TARAVAL,Ocean View,VEHICLE THEFT,110
TARAVAL,Ocean View,WARRANTS,61
TARAVAL,Ocean View,WEAPON LAWS,30
TARAVAL,Outer Mission,ASSAULT,10
TARAVAL,Outer Mission,DRUG/NARCOTIC,2
TARAVAL,Outer Mission,DRUNKENNESS,2
TARAVAL,Outer Mission,KIDNAPPING,1
TARAVAL,Outer Mission,LARCENY/THEFT,3
TARAVAL,Outer Mission,NON-CRIMINAL,5
TARAVAL,Outer Mission,OTHER OFFENSES,18
TARAVAL,Outer Mission,SUSPICIOUS OCC,6
TARAVAL,Outer Mission,TRESPASS,1
TARAVAL,Outer Mission,VANDALISM,3
TARAVAL,Outer Mission,VEHICLE THEFT,4
TARAVAL,Outer Mission,WARRANTS,3
TARAVAL,Outer Mission,WEAPON LAWS,1
TARAVAL,Outer Sunset,ARSON,3
TARAVAL,Outer Sunset,ASSAULT,232
TARAVAL,Outer Sunset,BAD CHECKS,2
TARAVAL,Outer Sunset,BURGLARY,168
TARAVAL,Outer Sunset,DISORDERLY CONDUCT,4
TARAVAL,Outer Sunset,DRIVING UNDER THE INFLUENCE,8
TARAVAL,Outer Sunset,DRUG/NARCOTIC,16
TARAVAL,Outer Sunset,DRUNKENNESS,12
TARAVAL,Outer Sunset,EMBEZZLEMENT,2
TARAVAL,Outer Sunset,EXTORTION,3
TARAVAL,Outer Sunset,FAMILY OFFENSES,2
TARAVAL,Outer Sunset,FORGERY/COUNTERFEITING,7
TARAVAL,Outer Sunset,FRAUD,68
TARAVAL,Outer Sunset,KIDNAPPING,3
TARAVAL,Outer Sunset,LARCENY/THEFT,550
TARAVAL,Outer Sunset,LIQUOR LAWS,4
TARAVAL,Outer Sunset,MISSING PERSON,64
TARAVAL,Outer Sunset,NON-CRIMINAL,327
TARAVAL,Outer Sunset,OTHER OFFENSES,374
TARAVAL,Outer Sunset,PORNOGRAPHY/OBSCENE MAT,1
TARAVAL,Outer Sunset,PROSTITUTION,8
TARAVAL,Outer Sunset,RECOVERED VEHICLE,12
TARAVAL,Outer Sunset,ROBBERY,29
TARAVAL,Outer Sunset,RUNAWAY,1
TARAVAL,Outer Sunset,SECONDARY CODES,74
TARAVAL,Outer Sunset,"SEX OFFENSES, FORCIBLE",32
TARAVAL,Outer Sunset,"SEX OFFENSES, NON FORCIBLE",8
TARAVAL,Outer Sunset,STOLEN PROPERTY,11
TARAVAL,Outer Sunset,SUICIDE,2
TARAVAL,Outer Sunset,SUSPICIOUS OCC,137
TARAVAL,Outer Sunset,TRESPASS,23
TARAVAL,Outer Sunset,VANDALISM,151
TARAVAL,Outer Sunset,VEHICLE THEFT,137
TARAVAL,Outer Sunset,WARRANTS,51
TARAVAL,Outer Sunset,WEAPON LAWS,29
TARAVAL,Parkside,ARSON,6
TARAVAL,Parkside,ASSAULT,138
TARAVAL,Parkside,BURGLARY,72
TARAVAL,Parkside,DISORDERLY CONDUCT,2
TARAVAL,Parkside,DRIVING UNDER THE INFLUENCE,8
TARAVAL,Parkside,DRUG/NARCOTIC,17
TARAVAL,Parkside,DRUNKENNESS,5
TARAVAL,Parkside,EXTORTION,1
TARAVAL,Parkside,FAMILY OFFENSES,1
TARAVAL,Parkside,FORGERY/COUNTERFEITING,13
TARAVAL,Parkside,FRAUD,53
TARAVAL,Parkside,LARCENY/THEFT,336
TARAVAL,Parkside,LIQUOR LAWS,2
TARAVAL,Parkside,MISSING PERSON,201
TARAVAL,Parkside,NON-CRIMINAL,315
TARAVAL,Parkside,OTHER OFFENSES,272
TARAVAL,Parkside,PROSTITUTION,4
TARAVAL,Parkside,RECOVERED VEHICLE,6
TARAVAL,Parkside,ROBBERY,30
TARAVAL,Parkside,RUNAWAY,25
TARAVAL,Parkside,SECONDARY CODES,45
TARAVAL,Parkside,"SEX OFFENSES, FORCIBLE",7
TARAVAL,Parkside,STOLEN PROPERTY,7
TARAVAL,Parkside,SUSPICIOUS OCC,72
TARAVAL,Parkside,TRESPASS,13
TARAVAL,Parkside,VANDALISM,106
TARAVAL,Parkside,VEHICLE THEFT,81
TARAVAL,Parkside,WARRANTS,29
TARAVAL,Parkside,WEAPON LAWS,13
TARAVAL,West of Twin Peaks,ARSON,1
TARAVAL,West of Twin Peaks,ASSAULT,71
TARAVAL,West of Twin Peaks,BURGLARY,91
TARAVAL,West of Twin Peaks,DISORDERLY CONDUCT,4
TARAVAL,West of Twin Peaks,DRIVING UNDER THE INFLUENCE,9
TARAVAL,West of Twin Peaks,DRUG/NARCOTIC,8
TARAVAL,West of Twin Peaks,DRUNKENNESS,6
TARAVAL,West of Twin Peaks,FORGERY/COUNTERFEITING,5
TARAVAL,West of Twin Peaks,FRAUD,25
TARAVAL,West of Twin Peaks,LARCENY/THEFT,260
TARAVAL,West of Twin Peaks,LIQUOR LAWS,1
TARAVAL,West of Twin Peaks,MISSING PERSON,14
TARAVAL,West of Twin Peaks,NON-CRIMINAL,120
TARAVAL,West of Twin Peaks,OTHER OFFENSES,136
TARAVAL,West of Twin Peaks,PROSTITUTION,2
TARAVAL,West of Twin Peaks,RECOVERED VEHICLE,3
TARAVAL,West of Twin Peaks,ROBBERY,21
TARAVAL,West of Twin Peaks,SECONDARY CODES,30
TARAVAL,West of Twin Peaks,"SEX OFFENSES, FORCIBLE",7
TARAVAL,West of Twin Peaks,"SEX OFFENSES, NON FORCIBLE",2
TARAVAL,West of Twin Peaks,STOLEN PROPERTY,9
TARAVAL,West of Twin Peaks,SUSPICIOUS OCC,45
TARAVAL,West of Twin Peaks,TRESPASS,10
TARAVAL,West of Twin Peaks,VANDALISM,34
TARAVAL,West of Twin Peaks,VEHICLE THEFT,38
TARAVAL,West of Twin Peaks,WARRANTS,18
TARAVAL,West of Twin Peaks,WEAPON LAWS,12
TENDERLOIN,Bayview,VANDALISM,1
TENDERLOIN,Downtown/Civic Center,ARSON,11
TENDERLOIN,Downtown/Civic Center,ASSAULT,1151
TENDERLOIN,Downtown/Civic Center,BRIBERY,6
TENDERLOIN,Downtown/Civic Center,BURGLARY,137
TENDERLOIN,Downtown/Civic Center,DISORDERLY CONDUCT,80
TENDERLOIN,Downtown/Civic Center,DRIVING UNDER THE INFLUENCE,12
TENDERLOIN,Downtown/Civic Center,DRUG/NARCOTIC,943
TENDERLOIN,Downtown/Civic Center,DRUNKENNESS,40
TENDERLOIN,Downtown/Civic Center,EMBEZZLEMENT,16
TENDERLOIN,Downtown/Civic Center,EXTORTION,2
TENDERLOIN,Downtown/Civic Center,FAMILY OFFENSES,3
TENDERLOIN,Downtown/Civic Center,FORGERY/COUNTERFEITING,36
TENDERLOIN,Downtown/Civic Center,FRAUD,130
TENDERLOIN,Downtown/Civic Center,GAMBLING,4
TENDERLOIN,Downtown/Civic Center,KIDNAPPING,18
TENDERLOIN,Downtown/Civic Center,LARCENY/THEFT,1536
TENDERLOIN,Downtown/Civic Center,LIQUOR LAWS,12
TENDERLOIN,Downtown/Civic Center,MISSING PERSON,163
TENDERLOIN,Downtown/Civic Center,NON-CRIMINAL,1319
TENDERLOIN,Downtown/Civic Center,OTHER OFFENSES,1144
TENDERLOIN,Downtown/Civic Center,PORNOGRAPHY/OBSCENE MAT,1
TENDERLOIN,Downtown/Civic Center,PROSTITUTION,17
TENDERLOIN,Downtown/Civic Center,RECOVERED VEHICLE,45
TENDERLOIN,Downtown/Civic Center,ROBBERY,321
TENDERLOIN,Downtown/Civic Center,RUNAWAY,2
TENDERLOIN,Downtown/Civic Center,SECONDARY CODES,95
TENDERLOIN,Downtown/Civic Center,"SEX OFFENSES, FORCIBLE",42
TENDERLOIN,Downtown/Civic Center,"SEX OFFENSES, NON FORCIBLE",1
TENDERLOIN,Downtown/Civic Center,STOLEN PROPERTY,49
TENDERLOIN,Downtown/Civic Center,SUICIDE,3
TENDERLOIN,Downtown/Civic Center,SUSPICIOUS OCC,452
TENDERLOIN,Downtown/Civic Center,TRESPASS,129
TENDERLOIN,Downtown/Civic Center,VANDALISM,317
TENDERLOIN,Downtown/Civic Center,VEHICLE THEFT,148
TENDERLOIN,Downtown/Civic Center,WARRANTS,669
TENDERLOIN,Downtown/Civic Center,WEAPON LAWS,127
TENDERLOIN,Financial District,ARSON,2
TENDERLOIN,Financial District,ASSAULT,16
TENDERLOIN,Financial District,BURGLARY,22
TENDERLOIN,Financial District,DRUG/NARCOTIC,6
TENDERLOIN,Financial District,EMBEZZLEMENT,4
TENDERLOIN,Financial District,FORGERY/COUNTERFEITING,10
TENDERLOIN,Financial District,FRAUD,16
TENDERLOIN,Financial District,LARCENY/THEFT,219
TENDERLOIN,Financial District,MISSING PERSON,3
TENDERLOIN,Financial District,NON-CRIMINAL,17
TENDERLOIN,Financial District,OTHER OFFENSES,53
TENDERLOIN,Financial District,PORNOGRAPHY/OBSCENE MAT,1
TENDERLOIN,Financial District,PROSTITUTION,1
TENDERLOIN,Financial District,ROBBERY,22
TENDERLOIN,Financial District,SECONDARY CODES,1
TENDERLOIN,Financial District,SUSPICIOUS OCC,10
TENDERLOIN,Financial District,TRESPASS,2
TENDERLOIN,Financial District,VANDALISM,11
TENDERLOIN,Financial District,WARRANTS,43
TENDERLOIN,Financial District,WEAPON LAWS,1
TENDERLOIN,South of Market,ASSAULT,27
TENDERLOIN,South of Market,BURGLARY,2
TENDERLOIN,South of Market,DISORDERLY CONDUCT,1
TENDERLOIN,South of Market,DRUG/NARCOTIC,18
TENDERLOIN,South of Market,DRUNKENNESS,1
TENDERLOIN,South of Market,FRAUD,3
TENDERLOIN,South of Market,LARCENY/THEFT,67
TENDERLOIN,South of Market,MISSING PERSON,2
TENDERLOIN,South of Market,NON-CRIMINAL,36
TENDERLOIN,South of Market,OTHER OFFENSES,37
TENDERLOIN,South of Market,ROBBERY,8
TENDERLOIN,South of Market,SECONDARY CODES,2
TENDERLOIN,South of Market,"SEX OFFENSES, FORCIBLE",1
TENDERLOIN,South of Market,STOLEN PROPERTY,3
TENDERLOIN,South of Market,SUSPICIOUS OCC,13
TENDERLOIN,South of Market,VANDALISM,9
TENDERLOIN,South of Market,VEHICLE THEFT,5
TENDERLOIN,South of Market,WARRANTS,16
TENDERLOIN,South of Market,WEAPON LAWS,3
